paradigm,regime,shuffled,subject,n,acc,ci_lo,ci_hi,sig_thresh,majority,train_acc
imagined,"A within-subj, random CV",False,1,45,0.7555555555555555,0.6046290712401733,0.871177185396492,0.6222222222222222,0.5111111111111111,
imagined,"A within-subj, random CV",False,2,42,0.9285714285714286,0.8051688018435087,0.98502030832929,0.6190476190476191,0.5,
imagined,"A within-subj, random CV",False,4,42,0.5238095238095238,0.3641779709213327,0.6799594911397739,0.6190476190476191,0.5,
imagined,"A within-subj, random CV",False,5,42,0.42857142857142855,0.2772067477996278,0.5903887292371299,0.6190476190476191,0.5,
imagined,"A within-subj, random CV",False,6,42,0.5952380952380952,0.43282089072003677,0.7437090745163419,0.6190476190476191,0.5,
imagined,"A within-subj, random CV",False,7,45,1.0,0.9212948995931569,1.0,0.6222222222222222,0.5111111111111111,
imagined,"A within-subj, random CV",False,8,42,0.5476190476190477,0.38673178723787444,0.7015411868036825,0.6190476190476191,0.5,
imagined,"A within-subj, random CV",False,9,42,0.4523809523809524,0.2984588131963176,0.6132682127621256,0.6190476190476191,0.5,
imagined,"A within-subj, random CV",False,10,42,0.5714285714285714,0.40961127076287,0.7227932522003722,0.6190476190476191,0.5,
imagined,"A within-subj, random CV",False,13,42,0.6190476190476191,0.4563674954978985,0.7642794531367836,0.6190476190476191,0.5,
imagined,"A within-subj, random CV",False,14,42,0.6666666666666666,0.5045125357367691,0.8043319519634817,0.6190476190476191,0.5,
imagined,"A within-subj, random CV",False,19,42,0.42857142857142855,0.2772067477996278,0.5903887292371299,0.6190476190476191,0.5,
imagined,"A within-subj, random CV",False,20,42,0.5,0.3419475770509645,0.6580524229490354,0.6190476190476191,0.5,
imagined,"A within-subj, random CV",False,22,45,0.7111111111111111,0.5568547229147682,0.8363374395543188,0.6222222222222222,0.5111111111111111,
imagined,"A within-subj, random CV",False,25,42,0.5714285714285714,0.40961127076287,0.7227932522003722,0.6190476190476191,0.5,
imagined,"A within-subj, random CV",False,26,42,0.7380952380952381,0.5796033128823919,0.8613898679115296,0.6190476190476191,0.5,
imagined,"A within-subj, random CV",False,27,42,0.5714285714285714,0.40961127076287,0.7227932522003722,0.6190476190476191,0.5,
imagined,"A within-subj, random CV",False,30,45,0.4666666666666667,0.3166008229974236,0.6212799839125356,0.6222222222222222,0.5333333333333333,
imagined,"A within-subj, random CV",False,31,42,0.9047619047619048,0.7737751284472205,0.9734364303592397,0.6190476190476191,0.5,
imagined,"A within-subj, random CV",False,32,45,0.5777777777777777,0.42150328448812835,0.7234329717538803,0.6222222222222222,0.5333333333333333,
imagined,"A within-subj, random CV",False,33,42,0.6904761904761905,0.5291393710678833,0.8237789173580449,0.6190476190476191,0.5,
imagined,"A within-subj, random CV",False,35,45,0.7777777777777778,0.629112447400512,0.887954061122865,0.6222222222222222,0.5111111111111111,
imagined,"A within-subj, random CV",False,36,42,0.5,0.3419475770509645,0.6580524229490354,0.6190476190476191,0.5,
imagined,"A within-subj, random CV",False,37,43,0.4186046511627907,0.27011412270455787,0.5787304034792482,0.627906976744186,0.5116279069767442,
imagined,"A within-subj, random CV",False,39,42,0.40476190476190477,0.25629092548365795,0.5671791092799632,0.6190476190476191,0.5,
imagined,"A within-subj, random CV",False,41,44,0.4318181818181818,0.28349372808928663,0.5896627838939661,0.6136363636363636,0.5227272727272727,
imagined,"A within-subj, random CV",False,43,42,0.8333333333333334,0.6863591331193288,0.9302593363443249,0.6190476190476191,0.5,
imagined,"A within-subj, random CV",False,46,45,0.5111111111111111,0.35774038567003036,0.6629662516072066,0.6222222222222222,0.5111111111111111,
imagined,"A within-subj, random CV",False,49,42,0.6666666666666666,0.5045125357367691,0.8043319519634817,0.6190476190476191,0.5,
imagined,"A within-subj, random CV",False,50,42,0.5714285714285714,0.40961127076287,0.7227932522003722,0.6190476190476191,0.5,
imagined,"A within-subj, random CV",False,51,45,0.5777777777777777,0.42150328448812835,0.7234329717538803,0.6222222222222222,0.5333333333333333,
imagined,"A within-subj, random CV",False,52,42,0.7619047619047619,0.605497570978424,0.8794838135078201,0.6190476190476191,0.5,
imagined,"A within-subj, random CV",False,54,42,0.7619047619047619,0.605497570978424,0.8794838135078201,0.6190476190476191,0.5,
imagined,"A within-subj, random CV",False,57,45,0.4666666666666667,0.3166008229974236,0.6212799839125356,0.6222222222222222,0.5333333333333333,
imagined,"A within-subj, random CV",False,59,42,0.40476190476190477,0.25629092548365795,0.5671791092799632,0.6190476190476191,0.5,
imagined,"A within-subj, random CV",False,60,42,0.9047619047619048,0.7737751284472205,0.9734364303592397,0.6190476190476191,0.5,
imagined,"A within-subj, random CV",False,61,45,0.7111111111111111,0.5568547229147682,0.8363374395543188,0.6222222222222222,0.5111111111111111,
imagined,"A within-subj, random CV",False,63,42,0.6190476190476191,0.4563674954978985,0.7642794531367836,0.6190476190476191,0.5,
imagined,"A within-subj, random CV",False,66,45,0.6,0.4433135124790022,0.7430241048073687,0.6222222222222222,0.5111111111111111,
imagined,"A within-subj, random CV",False,68,42,0.3333333333333333,0.1956680480365183,0.49548746426323076,0.6190476190476191,0.5,
imagined,"A within-subj, random CV",False,69,42,0.40476190476190477,0.25629092548365795,0.5671791092799632,0.6190476190476191,0.5,
imagined,"A within-subj, random CV",False,70,42,0.7857142857142857,0.6318843660680237,0.8970403501027812,0.6190476190476191,0.5,
imagined,"A within-subj, random CV",False,73,42,0.40476190476190477,0.25629092548365795,0.5671791092799632,0.6190476190476191,0.5,
imagined,"A within-subj, random CV",False,76,42,0.5238095238095238,0.3641779709213327,0.6799594911397739,0.6190476190476191,0.5,
imagined,"A within-subj, random CV",False,78,42,0.40476190476190477,0.25629092548365795,0.5671791092799632,0.6190476190476191,0.5,
imagined,"A within-subj, random CV",False,80,42,0.5238095238095238,0.3641779709213327,0.6799594911397739,0.6190476190476191,0.5,
imagined,"A within-subj, random CV",False,81,42,0.6428571428571429,0.4802605583854622,0.7844922585742125,0.6190476190476191,0.5,
imagined,"A within-subj, random CV",False,83,45,0.6,0.4433135124790022,0.7430241048073687,0.6222222222222222,0.5111111111111111,
imagined,"A within-subj, random CV",False,86,45,0.6,0.4433135124790022,0.7430241048073687,0.6222222222222222,0.5111111111111111,
imagined,"A within-subj, random CV",False,87,42,0.5952380952380952,0.43282089072003677,0.7437090745163419,0.6190476190476191,0.5,
imagined,"A within-subj, random CV",False,90,42,0.6666666666666666,0.5045125357367691,0.8043319519634817,0.6190476190476191,0.5,
imagined,"A within-subj, random CV",False,94,42,0.8809523809523809,0.7436833223936222,0.9601944710573116,0.6190476190476191,0.5,
imagined,"A within-subj, random CV",False,96,45,0.5333333333333333,0.37872001608746436,0.6833991770025765,0.6222222222222222,0.5111111111111111,
imagined,"A within-subj, random CV",False,102,42,0.7857142857142857,0.6318843660680237,0.8970403501027812,0.6190476190476191,0.5,
imagined,"A within-subj, random CV",False,103,45,0.6666666666666666,0.5104963621416386,0.799994311989305,0.6222222222222222,0.5111111111111111,
imagined,"A within-subj, random CV",False,105,42,0.42857142857142855,0.2772067477996278,0.5903887292371299,0.6190476190476191,0.5,
imagined,"A within-subj, random CV",False,106,45,0.4666666666666667,0.3166008229974236,0.6212799839125356,0.6222222222222222,0.5333333333333333,
imagined,"A within-subj, random CV",False,109,42,0.5952380952380952,0.43282089072003677,0.7437090745163419,0.6190476190476191,0.5,
imagined,"B within-subj, leave-run-out",False,1,45,0.6,0.4433135124790022,0.7430241048073687,0.6222222222222222,0.5111111111111111,
imagined,"B within-subj, leave-run-out",False,2,42,0.9047619047619048,0.7737751284472205,0.9734364303592397,0.6190476190476191,0.5,
imagined,"B within-subj, leave-run-out",False,4,42,0.6190476190476191,0.4563674954978985,0.7642794531367836,0.6190476190476191,0.5,
imagined,"B within-subj, leave-run-out",False,5,42,0.5952380952380952,0.43282089072003677,0.7437090745163419,0.6190476190476191,0.5,
imagined,"B within-subj, leave-run-out",False,6,42,0.5952380952380952,0.43282089072003677,0.7437090745163419,0.6190476190476191,0.5,
imagined,"B within-subj, leave-run-out",False,7,45,0.9777777777777777,0.8822956685817058,0.9994375402845977,0.6222222222222222,0.5111111111111111,
imagined,"B within-subj, leave-run-out",False,8,42,0.47619047619047616,0.32004050886022595,0.6358220290786671,0.6190476190476191,0.5,
imagined,"B within-subj, leave-run-out",False,9,42,0.5238095238095238,0.3641779709213327,0.6799594911397739,0.6190476190476191,0.5,
imagined,"B within-subj, leave-run-out",False,10,42,0.5952380952380952,0.43282089072003677,0.7437090745163419,0.6190476190476191,0.5,
imagined,"B within-subj, leave-run-out",False,13,42,0.6904761904761905,0.5291393710678833,0.8237789173580449,0.6190476190476191,0.5,
imagined,"B within-subj, leave-run-out",False,14,42,0.5238095238095238,0.3641779709213327,0.6799594911397739,0.6190476190476191,0.5,
imagined,"B within-subj, leave-run-out",False,19,42,0.5238095238095238,0.3641779709213327,0.6799594911397739,0.6190476190476191,0.5,
imagined,"B within-subj, leave-run-out",False,20,42,0.5238095238095238,0.3641779709213327,0.6799594911397739,0.6190476190476191,0.5,
imagined,"B within-subj, leave-run-out",False,22,45,0.6888888888888889,0.533508970087884,0.8183411960662779,0.6222222222222222,0.5111111111111111,
imagined,"B within-subj, leave-run-out",False,25,42,0.5714285714285714,0.40961127076287,0.7227932522003722,0.6190476190476191,0.5,
imagined,"B within-subj, leave-run-out",False,26,42,0.7619047619047619,0.605497570978424,0.8794838135078201,0.6190476190476191,0.5,
imagined,"B within-subj, leave-run-out",False,27,42,0.6190476190476191,0.4563674954978985,0.7642794531367836,0.6190476190476191,0.5,
imagined,"B within-subj, leave-run-out",False,30,45,0.4666666666666667,0.3166008229974236,0.6212799839125356,0.6222222222222222,0.5333333333333333,
imagined,"B within-subj, leave-run-out",False,31,42,0.9761904761904762,0.8743414428250078,0.9993973766983965,0.6190476190476191,0.5,
imagined,"B within-subj, leave-run-out",False,32,45,0.6888888888888889,0.533508970087884,0.8183411960662779,0.6222222222222222,0.5333333333333333,
imagined,"B within-subj, leave-run-out",False,33,42,0.7380952380952381,0.5796033128823919,0.8613898679115296,0.6190476190476191,0.5,
imagined,"B within-subj, leave-run-out",False,35,45,0.8,0.6540417022050522,0.9042427303088574,0.6222222222222222,0.5111111111111111,
imagined,"B within-subj, leave-run-out",False,36,42,0.5952380952380952,0.43282089072003677,0.7437090745163419,0.6190476190476191,0.5,
imagined,"B within-subj, leave-run-out",False,37,43,0.46511627906976744,0.31176187902234953,0.6234527398899243,0.627906976744186,0.5116279069767442,
imagined,"B within-subj, leave-run-out",False,39,42,0.5,0.3419475770509645,0.6580524229490354,0.6190476190476191,0.5,
imagined,"B within-subj, leave-run-out",False,41,44,0.5454545454545454,0.3884721224729164,0.6960928864843264,0.6136363636363636,0.5227272727272727,
imagined,"B within-subj, leave-run-out",False,43,42,0.7380952380952381,0.5796033128823919,0.8613898679115296,0.6190476190476191,0.5,
imagined,"B within-subj, leave-run-out",False,46,45,0.5111111111111111,0.35774038567003036,0.6629662516072066,0.6222222222222222,0.5111111111111111,
imagined,"B within-subj, leave-run-out",False,49,42,0.6904761904761905,0.5291393710678833,0.8237789173580449,0.6190476190476191,0.5,
imagined,"B within-subj, leave-run-out",False,50,42,0.5238095238095238,0.3641779709213327,0.6799594911397739,0.6190476190476191,0.5,
imagined,"B within-subj, leave-run-out",False,51,45,0.6222222222222222,0.4654101126463728,0.7623217552722018,0.6222222222222222,0.5333333333333333,
imagined,"B within-subj, leave-run-out",False,52,42,0.6904761904761905,0.5291393710678833,0.8237789173580449,0.6190476190476191,0.5,
imagined,"B within-subj, leave-run-out",False,54,42,0.7857142857142857,0.6318843660680237,0.8970403501027812,0.6190476190476191,0.5,
imagined,"B within-subj, leave-run-out",False,57,45,0.5555555555555556,0.3999734964036788,0.7035560761341417,0.6222222222222222,0.5333333333333333,
imagined,"B within-subj, leave-run-out",False,59,42,0.38095238095238093,0.23572054686321633,0.5436325045021015,0.6190476190476191,0.5,
imagined,"B within-subj, leave-run-out",False,60,42,0.8095238095238095,0.6588155863958433,0.9139944055440679,0.6190476190476191,0.5,
imagined,"B within-subj, leave-run-out",False,61,45,0.7555555555555555,0.6046290712401733,0.871177185396492,0.6222222222222222,0.5111111111111111,
imagined,"B within-subj, leave-run-out",False,63,42,0.5714285714285714,0.40961127076287,0.7227932522003722,0.6190476190476191,0.5,
imagined,"B within-subj, leave-run-out",False,66,45,0.4444444444444444,0.2964439238658582,0.6000265035963211,0.6222222222222222,0.5111111111111111,
imagined,"B within-subj, leave-run-out",False,68,42,0.47619047619047616,0.32004050886022595,0.6358220290786671,0.6190476190476191,0.5,
imagined,"B within-subj, leave-run-out",False,69,42,0.5476190476190477,0.38673178723787444,0.7015411868036825,0.6190476190476191,0.5,
imagined,"B within-subj, leave-run-out",False,70,42,0.7619047619047619,0.605497570978424,0.8794838135078201,0.6190476190476191,0.5,
imagined,"B within-subj, leave-run-out",False,73,42,0.47619047619047616,0.32004050886022595,0.6358220290786671,0.6190476190476191,0.5,
imagined,"B within-subj, leave-run-out",False,76,42,0.5,0.3419475770509645,0.6580524229490354,0.6190476190476191,0.5,
imagined,"B within-subj, leave-run-out",False,78,42,0.47619047619047616,0.32004050886022595,0.6358220290786671,0.6190476190476191,0.5,
imagined,"B within-subj, leave-run-out",False,80,42,0.5476190476190477,0.38673178723787444,0.7015411868036825,0.6190476190476191,0.5,
imagined,"B within-subj, leave-run-out",False,81,42,0.7380952380952381,0.5796033128823919,0.8613898679115296,0.6190476190476191,0.5,
imagined,"B within-subj, leave-run-out",False,83,45,0.7111111111111111,0.5568547229147682,0.8363374395543188,0.6222222222222222,0.5111111111111111,
imagined,"B within-subj, leave-run-out",False,86,45,0.5111111111111111,0.35774038567003036,0.6629662516072066,0.6222222222222222,0.5111111111111111,
imagined,"B within-subj, leave-run-out",False,87,42,0.5,0.3419475770509645,0.6580524229490354,0.6190476190476191,0.5,
imagined,"B within-subj, leave-run-out",False,90,42,0.5952380952380952,0.43282089072003677,0.7437090745163419,0.6190476190476191,0.5,
imagined,"B within-subj, leave-run-out",False,94,42,0.9047619047619048,0.7737751284472205,0.9734364303592397,0.6190476190476191,0.5,
imagined,"B within-subj, leave-run-out",False,96,45,0.4888888888888889,0.3370337483927935,0.6422596143299697,0.6222222222222222,0.5111111111111111,
imagined,"B within-subj, leave-run-out",False,102,42,0.6666666666666666,0.5045125357367691,0.8043319519634817,0.6190476190476191,0.5,
imagined,"B within-subj, leave-run-out",False,103,45,0.6,0.4433135124790022,0.7430241048073687,0.6222222222222222,0.5111111111111111,
imagined,"B within-subj, leave-run-out",False,105,42,0.5476190476190477,0.38673178723787444,0.7015411868036825,0.6190476190476191,0.5,
imagined,"B within-subj, leave-run-out",False,106,45,0.6,0.4433135124790022,0.7430241048073687,0.6222222222222222,0.5333333333333333,
imagined,"B within-subj, leave-run-out",False,109,42,0.47619047619047616,0.32004050886022595,0.6358220290786671,0.6190476190476191,0.5,
imagined,"C cross-subj, LOSO + align",False,1,45,0.7555555555555555,0.6046290712401733,0.871177185396492,0.6222222222222222,,0.682
imagined,"C cross-subj, LOSO + align",False,2,42,0.8571428571428571,0.7146061580867288,0.9457161416212352,0.6190476190476191,,0.6826666666666666
imagined,"C cross-subj, LOSO + align",False,4,42,0.7142857142857143,0.554161196692031,0.8428085332342546,0.6190476190476191,,0.6886666666666666
imagined,"C cross-subj, LOSO + align",False,5,42,0.3333333333333333,0.1956680480365183,0.49548746426323076,0.6190476190476191,,0.6986666666666667
imagined,"C cross-subj, LOSO + align",False,6,42,0.5714285714285714,0.40961127076287,0.7227932522003722,0.6190476190476191,,0.69
imagined,"C cross-subj, LOSO + align",False,7,45,1.0,0.9212948995931569,1.0,0.6222222222222222,,0.6786666666666666
imagined,"C cross-subj, LOSO + align",False,8,42,0.5952380952380952,0.43282089072003677,0.7437090745163419,0.6190476190476191,,0.6913333333333334
imagined,"C cross-subj, LOSO + align",False,9,42,0.5,0.3419475770509645,0.6580524229490354,0.6190476190476191,,0.694
imagined,"C cross-subj, LOSO + align",False,10,42,0.6428571428571429,0.4802605583854622,0.7844922585742125,0.6190476190476191,,0.69
imagined,"C cross-subj, LOSO + align",False,13,42,0.8333333333333334,0.6863591331193288,0.9302593363443249,0.6190476190476191,,0.6866666666666666
imagined,"C cross-subj, LOSO + align",False,14,42,0.6428571428571429,0.4802605583854622,0.7844922585742125,0.6190476190476191,,0.688
imagined,"C cross-subj, LOSO + align",False,19,42,0.7619047619047619,0.605497570978424,0.8794838135078201,0.6190476190476191,,0.686
imagined,"C cross-subj, LOSO + align",False,20,42,0.6904761904761905,0.5291393710678833,0.8237789173580449,0.6190476190476191,,0.6886666666666666
imagined,"C cross-subj, LOSO + align",False,22,45,0.6444444444444445,0.48780100514814595,0.7813159892644141,0.6222222222222222,,0.688
imagined,"C cross-subj, LOSO + align",False,25,42,0.8095238095238095,0.6588155863958433,0.9139944055440679,0.6190476190476191,,0.6886666666666666
imagined,"C cross-subj, LOSO + align",False,26,42,0.6666666666666666,0.5045125357367691,0.8043319519634817,0.6190476190476191,,0.686
imagined,"C cross-subj, LOSO + align",False,27,42,0.5952380952380952,0.43282089072003677,0.7437090745163419,0.6190476190476191,,0.694
imagined,"C cross-subj, LOSO + align",False,30,45,0.7555555555555555,0.6046290712401733,0.871177185396492,0.6222222222222222,,0.6873333333333334
imagined,"C cross-subj, LOSO + align",False,31,42,0.8809523809523809,0.7436833223936222,0.9601944710573116,0.6190476190476191,,0.6833333333333333
imagined,"C cross-subj, LOSO + align",False,32,45,0.9333333333333333,0.8173155434217731,0.9860349029556295,0.6222222222222222,,0.6813333333333333
imagined,"C cross-subj, LOSO + align",False,33,42,0.7619047619047619,0.605497570978424,0.8794838135078201,0.6190476190476191,,0.6893333333333334
imagined,"C cross-subj, LOSO + align",False,35,45,0.7333333333333333,0.5805532952579822,0.8539592841618702,0.6222222222222222,,0.6893333333333334
imagined,"C cross-subj, LOSO + align",False,36,42,0.5238095238095238,0.3641779709213327,0.6799594911397739,0.6190476190476191,,0.6926666666666667
imagined,"C cross-subj, LOSO + align",False,37,43,0.5813953488372093,0.42126959652075174,0.7298858772954422,0.627906976744186,,0.692
imagined,"C cross-subj, LOSO + align",False,39,42,0.6666666666666666,0.5045125357367691,0.8043319519634817,0.6190476190476191,,0.69
imagined,"C cross-subj, LOSO + align",False,41,44,0.7954545454545454,0.6469549432217505,0.9019568236394089,0.6136363636363636,,0.6933333333333334
imagined,"C cross-subj, LOSO + align",False,43,42,0.8571428571428571,0.7146061580867288,0.9457161416212352,0.6190476190476191,,0.6906666666666667
imagined,"C cross-subj, LOSO + align",False,46,45,0.6666666666666666,0.5104963621416386,0.799994311989305,0.6222222222222222,,0.692
imagined,"C cross-subj, LOSO + align",False,49,42,0.8809523809523809,0.7436833223936222,0.9601944710573116,0.6190476190476191,,0.6933333333333334
imagined,"C cross-subj, LOSO + align",False,50,42,0.6428571428571429,0.4802605583854622,0.7844922585742125,0.6190476190476191,,0.6926666666666667
imagined,"C cross-subj, LOSO + align",False,51,45,0.6444444444444445,0.48780100514814595,0.7813159892644141,0.6222222222222222,,0.6946666666666667
imagined,"C cross-subj, LOSO + align",False,52,42,0.8333333333333334,0.6863591331193288,0.9302593363443249,0.6190476190476191,,0.696
imagined,"C cross-subj, LOSO + align",False,54,42,0.8333333333333334,0.6863591331193288,0.9302593363443249,0.6190476190476191,,0.6946666666666667
imagined,"C cross-subj, LOSO + align",False,57,45,0.6,0.4433135124790022,0.7430241048073687,0.6222222222222222,,0.692
imagined,"C cross-subj, LOSO + align",False,59,42,0.5,0.3419475770509645,0.6580524229490354,0.6190476190476191,,0.692
imagined,"C cross-subj, LOSO + align",False,60,42,0.8809523809523809,0.7436833223936222,0.9601944710573116,0.6190476190476191,,0.6946666666666667
imagined,"C cross-subj, LOSO + align",False,61,45,0.8222222222222222,0.6794657566066298,0.9199820425426939,0.6222222222222222,,0.6933333333333334
imagined,"C cross-subj, LOSO + align",False,63,42,0.42857142857142855,0.2772067477996278,0.5903887292371299,0.6190476190476191,,0.6966666666666667
imagined,"C cross-subj, LOSO + align",False,66,45,0.35555555555555557,0.21868401073558577,0.5121989948518539,0.6222222222222222,,0.6906666666666667
imagined,"C cross-subj, LOSO + align",False,68,42,0.6904761904761905,0.5291393710678833,0.8237789173580449,0.6190476190476191,,0.6913333333333334
imagined,"C cross-subj, LOSO + align",False,69,42,0.5238095238095238,0.3641779709213327,0.6799594911397739,0.6190476190476191,,0.6933333333333334
imagined,"C cross-subj, LOSO + align",False,70,42,0.9047619047619048,0.7737751284472205,0.9734364303592397,0.6190476190476191,,0.6913333333333334
imagined,"C cross-subj, LOSO + align",False,73,42,0.7380952380952381,0.5796033128823919,0.8613898679115296,0.6190476190476191,,0.6913333333333334
imagined,"C cross-subj, LOSO + align",False,76,42,0.6428571428571429,0.4802605583854622,0.7844922585742125,0.6190476190476191,,0.6913333333333334
imagined,"C cross-subj, LOSO + align",False,78,42,0.5952380952380952,0.43282089072003677,0.7437090745163419,0.6190476190476191,,0.69
imagined,"C cross-subj, LOSO + align",False,80,42,0.7619047619047619,0.605497570978424,0.8794838135078201,0.6190476190476191,,0.692
imagined,"C cross-subj, LOSO + align",False,81,42,0.6904761904761905,0.5291393710678833,0.8237789173580449,0.6190476190476191,,0.6906666666666667
imagined,"C cross-subj, LOSO + align",False,83,45,0.7555555555555555,0.6046290712401733,0.871177185396492,0.6222222222222222,,0.6933333333333334
imagined,"C cross-subj, LOSO + align",False,86,45,0.8222222222222222,0.6794657566066298,0.9199820425426939,0.6222222222222222,,0.692
imagined,"C cross-subj, LOSO + align",False,87,42,0.5,0.3419475770509645,0.6580524229490354,0.6190476190476191,,0.6913333333333334
imagined,"C cross-subj, LOSO + align",False,90,42,0.5476190476190477,0.38673178723787444,0.7015411868036825,0.6190476190476191,,0.6926666666666667
imagined,"C cross-subj, LOSO + align",False,94,42,0.9523809523809523,0.838358040308346,0.99418017516449,0.6190476190476191,,0.694
imagined,"C cross-subj, LOSO + align",False,96,45,0.5777777777777777,0.42150328448812835,0.7234329717538803,0.6222222222222222,,0.692
imagined,"C cross-subj, LOSO + align",False,102,42,0.8095238095238095,0.6588155863958433,0.9139944055440679,0.6190476190476191,,0.6913333333333334
imagined,"C cross-subj, LOSO + align",False,103,45,0.6444444444444445,0.48780100514814595,0.7813159892644141,0.6222222222222222,,0.6926666666666667
imagined,"C cross-subj, LOSO + align",False,105,42,0.5952380952380952,0.43282089072003677,0.7437090745163419,0.6190476190476191,,0.69
imagined,"C cross-subj, LOSO + align",False,106,45,0.6666666666666666,0.5104963621416386,0.799994311989305,0.6222222222222222,,0.6893333333333334
imagined,"C cross-subj, LOSO + align",False,109,42,0.5476190476190477,0.38673178723787444,0.7015411868036825,0.6190476190476191,,0.6933333333333334
imagined,D LOSO + 16 calib trials,False,1,29,0.6206896551724138,0.4226046406644011,0.7931313005134929,0.6551724137931034,,0.682
imagined,D LOSO + 16 calib trials,False,2,26,0.7692307692307693,0.5635249030586136,0.9102598891154248,0.6538461538461539,,0.6853333333333333
imagined,D LOSO + 16 calib trials,False,4,26,0.6923076923076923,0.48210356355425843,0.8567400020722964,0.6538461538461539,,0.6893333333333334
imagined,D LOSO + 16 calib trials,False,5,26,0.38461538461538464,0.20226024365502038,0.5942924647014085,0.6538461538461539,,0.6993333333333334
imagined,D LOSO + 16 calib trials,False,6,26,0.6153846153846154,0.40570753529859144,0.7977397563449796,0.6538461538461539,,0.6913333333333334
imagined,D LOSO + 16 calib trials,False,7,29,1.0,0.8805551309304973,1.0,0.6551724137931034,,0.676
imagined,D LOSO + 16 calib trials,False,8,26,0.6153846153846154,0.40570753529859144,0.7977397563449796,0.6538461538461539,,0.6913333333333334
imagined,D LOSO + 16 calib trials,False,9,26,0.5,0.2992721794415965,0.7007278205584035,0.6538461538461539,,0.6933333333333334
imagined,D LOSO + 16 calib trials,False,10,26,0.6538461538461539,0.4433280739576097,0.8278558619943336,0.6538461538461539,,0.6893333333333334
imagined,D LOSO + 16 calib trials,False,13,26,0.7692307692307693,0.5635249030586136,0.9102598891154248,0.6538461538461539,,0.6853333333333333
imagined,D LOSO + 16 calib trials,False,14,26,0.8076923076923077,0.6064944720606782,0.9344518912632175,0.6538461538461539,,0.6886666666666666
imagined,D LOSO + 16 calib trials,False,19,26,0.8076923076923077,0.6064944720606782,0.9344518912632175,0.6538461538461539,,0.6866666666666666
imagined,D LOSO + 16 calib trials,False,20,26,0.6153846153846154,0.40570753529859144,0.7977397563449796,0.6538461538461539,,0.6886666666666666
imagined,D LOSO + 16 calib trials,False,22,29,0.6896551724137931,0.4916766461900099,0.8471540603913684,0.6551724137931034,,0.69
imagined,D LOSO + 16 calib trials,False,25,26,0.8846153846153846,0.6984595998924322,0.9755419246820378,0.6538461538461539,,0.688
imagined,D LOSO + 16 calib trials,False,26,26,0.6923076923076923,0.48210356355425843,0.8567400020722964,0.6538461538461539,,0.6866666666666666
imagined,D LOSO + 16 calib trials,False,27,26,0.5,0.2992721794415965,0.7007278205584035,0.6538461538461539,,0.692
imagined,D LOSO + 16 calib trials,False,30,29,0.6896551724137931,0.4916766461900099,0.8471540603913684,0.6551724137931034,,0.6853333333333333
imagined,D LOSO + 16 calib trials,False,31,26,0.8846153846153846,0.6984595998924322,0.9755419246820378,0.6538461538461539,,0.6833333333333333
imagined,D LOSO + 16 calib trials,False,32,29,0.9655172413793104,0.822355704511277,0.9991273531164201,0.6551724137931034,,0.6806666666666666
imagined,D LOSO + 16 calib trials,False,33,26,0.8076923076923077,0.6064944720606782,0.9344518912632175,0.6538461538461539,,0.688
imagined,D LOSO + 16 calib trials,False,35,29,0.6896551724137931,0.4916766461900099,0.8471540603913684,0.6551724137931034,,0.6886666666666666
imagined,D LOSO + 16 calib trials,False,36,26,0.6153846153846154,0.40570753529859144,0.7977397563449796,0.6538461538461539,,0.694
imagined,D LOSO + 16 calib trials,False,37,27,0.48148148148148145,0.28667254813193965,0.6805034538666164,0.6666666666666666,,0.6926666666666667
imagined,D LOSO + 16 calib trials,False,39,26,0.6923076923076923,0.48210356355425843,0.8567400020722964,0.6538461538461539,,0.69
imagined,D LOSO + 16 calib trials,False,41,28,0.8928571428571429,0.7177356042846756,0.977334909360941,0.6428571428571429,,0.6933333333333334
imagined,D LOSO + 16 calib trials,False,43,26,0.8846153846153846,0.6984595998924322,0.9755419246820378,0.6538461538461539,,0.6906666666666667
imagined,D LOSO + 16 calib trials,False,46,29,0.7931034482758621,0.6027530507727604,0.9200581511239199,0.6551724137931034,,0.692
imagined,D LOSO + 16 calib trials,False,49,26,0.9615384615384616,0.803630353237461,0.9990267121066649,0.6538461538461539,,0.6926666666666667
imagined,D LOSO + 16 calib trials,False,50,26,0.6538461538461539,0.4433280739576097,0.8278558619943336,0.6538461538461539,,0.694
imagined,D LOSO + 16 calib trials,False,51,29,0.6551724137931034,0.4566942723320567,0.8206163507648881,0.6551724137931034,,0.6913333333333334
imagined,D LOSO + 16 calib trials,False,52,26,0.8076923076923077,0.6064944720606782,0.9344518912632175,0.6538461538461539,,0.694
imagined,D LOSO + 16 calib trials,False,54,26,0.7692307692307693,0.5635249030586136,0.9102598891154248,0.6538461538461539,,0.692
imagined,D LOSO + 16 calib trials,False,57,29,0.7241379310344828,0.527615517569966,0.8726598858977699,0.6551724137931034,,0.6913333333333334
imagined,D LOSO + 16 calib trials,False,59,26,0.5,0.2992721794415965,0.7007278205584035,0.6538461538461539,,0.6933333333333334
imagined,D LOSO + 16 calib trials,False,60,26,0.8846153846153846,0.6984595998924322,0.9755419246820378,0.6538461538461539,,0.6913333333333334
imagined,D LOSO + 16 calib trials,False,61,29,0.8275862068965517,0.6422524455853559,0.9415439170273656,0.6551724137931034,,0.692
imagined,D LOSO + 16 calib trials,False,63,26,0.4230769230769231,0.23352198312744346,0.6308196190760333,0.6538461538461539,,0.6953333333333334
imagined,D LOSO + 16 calib trials,False,66,29,0.3448275862068966,0.17938364923511183,0.5433057276679433,0.6551724137931034,,0.6906666666666667
imagined,D LOSO + 16 calib trials,False,68,26,0.6923076923076923,0.48210356355425843,0.8567400020722964,0.6538461538461539,,0.6933333333333334
imagined,D LOSO + 16 calib trials,False,69,26,0.5384615384615384,0.33370821847529225,0.7341287825770489,0.6538461538461539,,0.692
imagined,D LOSO + 16 calib trials,False,70,26,0.9615384615384616,0.803630353237461,0.9990267121066649,0.6538461538461539,,0.6933333333333334
imagined,D LOSO + 16 calib trials,False,73,26,0.7692307692307693,0.5635249030586136,0.9102598891154248,0.6538461538461539,,0.696
imagined,D LOSO + 16 calib trials,False,76,26,0.6538461538461539,0.4433280739576097,0.8278558619943336,0.6538461538461539,,0.6926666666666667
imagined,D LOSO + 16 calib trials,False,78,26,0.5769230769230769,0.3691803809239666,0.7664780168725565,0.6538461538461539,,0.6906666666666667
imagined,D LOSO + 16 calib trials,False,80,26,0.7307692307692307,0.5221252103061685,0.884267786708496,0.6538461538461539,,0.6926666666666667
imagined,D LOSO + 16 calib trials,False,81,26,0.7692307692307693,0.5635249030586136,0.9102598891154248,0.6538461538461539,,0.6926666666666667
imagined,D LOSO + 16 calib trials,False,83,29,0.6896551724137931,0.4916766461900099,0.8471540603913684,0.6551724137931034,,0.6926666666666667
imagined,D LOSO + 16 calib trials,False,86,29,0.9655172413793104,0.822355704511277,0.9991273531164201,0.6551724137931034,,0.692
imagined,D LOSO + 16 calib trials,False,87,26,0.5384615384615384,0.33370821847529225,0.7341287825770489,0.6538461538461539,,0.692
imagined,D LOSO + 16 calib trials,False,90,26,0.5,0.2992721794415965,0.7007278205584035,0.6538461538461539,,0.6933333333333334
imagined,D LOSO + 16 calib trials,False,94,26,0.9230769230769231,0.7486970833046261,0.9905446089962873,0.6538461538461539,,0.6926666666666667
imagined,D LOSO + 16 calib trials,False,96,29,0.5517241379310345,0.3569387108039151,0.735544696293295,0.6551724137931034,,0.6933333333333334
imagined,D LOSO + 16 calib trials,False,102,26,0.7692307692307693,0.5635249030586136,0.9102598891154248,0.6538461538461539,,0.6926666666666667
imagined,D LOSO + 16 calib trials,False,103,29,0.5172413793103449,0.32531499636145644,0.7055144170481589,0.6551724137931034,,0.692
imagined,D LOSO + 16 calib trials,False,105,26,0.5769230769230769,0.3691803809239666,0.7664780168725565,0.6538461538461539,,0.6913333333333334
imagined,D LOSO + 16 calib trials,False,106,29,0.6551724137931034,0.4566942723320567,0.8206163507648881,0.6551724137931034,,0.6906666666666667
imagined,D LOSO + 16 calib trials,False,109,26,0.5384615384615384,0.33370821847529225,0.7341287825770489,0.6538461538461539,,0.6933333333333334
imagined,"A within-subj, random CV",True,1,45,0.28888888888888886,0.16366256044568112,0.4431452770852318,0.6222222222222222,0.5111111111111111,
imagined,"A within-subj, random CV",True,2,42,0.6904761904761905,0.5291393710678833,0.8237789173580449,0.6190476190476191,0.5,
imagined,"A within-subj, random CV",True,4,42,0.6428571428571429,0.4802605583854622,0.7844922585742125,0.6190476190476191,0.5,
imagined,"A within-subj, random CV",True,5,42,0.38095238095238093,0.23572054686321633,0.5436325045021015,0.6190476190476191,0.5,
imagined,"A within-subj, random CV",True,6,42,0.5714285714285714,0.40961127076287,0.7227932522003722,0.6190476190476191,0.5,
imagined,"A within-subj, random CV",True,7,45,0.6222222222222222,0.4654101126463728,0.7623217552722018,0.6222222222222222,0.5111111111111111,
imagined,"A within-subj, random CV",True,8,42,0.5,0.3419475770509645,0.6580524229490354,0.6190476190476191,0.5,
imagined,"A within-subj, random CV",True,9,42,0.5476190476190477,0.38673178723787444,0.7015411868036825,0.6190476190476191,0.5,
imagined,"A within-subj, random CV",True,10,42,0.40476190476190477,0.25629092548365795,0.5671791092799632,0.6190476190476191,0.5,
imagined,"A within-subj, random CV",True,13,42,0.5238095238095238,0.3641779709213327,0.6799594911397739,0.6190476190476191,0.5,
imagined,"A within-subj, random CV",True,14,42,0.47619047619047616,0.32004050886022595,0.6358220290786671,0.6190476190476191,0.5,
imagined,"A within-subj, random CV",True,19,42,0.5714285714285714,0.40961127076287,0.7227932522003722,0.6190476190476191,0.5,
imagined,"A within-subj, random CV",True,20,42,0.6428571428571429,0.4802605583854622,0.7844922585742125,0.6190476190476191,0.5,
imagined,"A within-subj, random CV",True,22,45,0.3333333333333333,0.20000568801069493,0.48950363785836143,0.6222222222222222,0.5111111111111111,
imagined,"A within-subj, random CV",True,25,42,0.47619047619047616,0.32004050886022595,0.6358220290786671,0.6190476190476191,0.5,
imagined,"A within-subj, random CV",True,26,42,0.5238095238095238,0.3641779709213327,0.6799594911397739,0.6190476190476191,0.5,
imagined,"A within-subj, random CV",True,27,42,0.42857142857142855,0.2772067477996278,0.5903887292371299,0.6190476190476191,0.5,
imagined,"A within-subj, random CV",True,30,45,0.35555555555555557,0.21868401073558577,0.5121989948518539,0.6222222222222222,0.5333333333333333,
imagined,"A within-subj, random CV",True,31,42,0.4523809523809524,0.2984588131963176,0.6132682127621256,0.6190476190476191,0.5,
imagined,"A within-subj, random CV",True,32,45,0.4888888888888889,0.3370337483927935,0.6422596143299697,0.6222222222222222,0.5333333333333333,
imagined,"A within-subj, random CV",True,33,42,0.47619047619047616,0.32004050886022595,0.6358220290786671,0.6190476190476191,0.5,
imagined,"A within-subj, random CV",True,35,45,0.7111111111111111,0.5568547229147682,0.8363374395543188,0.6222222222222222,0.5111111111111111,
imagined,"A within-subj, random CV",True,36,42,0.5714285714285714,0.40961127076287,0.7227932522003722,0.6190476190476191,0.5,
imagined,"A within-subj, random CV",True,37,43,0.4883720930232558,0.3330513538648937,0.6453532269489863,0.627906976744186,0.5116279069767442,
imagined,"A within-subj, random CV",True,39,42,0.5714285714285714,0.40961127076287,0.7227932522003722,0.6190476190476191,0.5,
imagined,"A within-subj, random CV",True,41,44,0.4772727272727273,0.324614216397083,0.6331024834071655,0.6136363636363636,0.5227272727272727,
imagined,"A within-subj, random CV",True,43,42,0.47619047619047616,0.32004050886022595,0.6358220290786671,0.6190476190476191,0.5,
imagined,"A within-subj, random CV",True,46,45,0.37777777777777777,0.23767824472779814,0.5345898873536272,0.6222222222222222,0.5111111111111111,
imagined,"A within-subj, random CV",True,49,42,0.6904761904761905,0.5291393710678833,0.8237789173580449,0.6190476190476191,0.5,
imagined,"A within-subj, random CV",True,50,42,0.5238095238095238,0.3641779709213327,0.6799594911397739,0.6190476190476191,0.5,
imagined,"A within-subj, random CV",True,51,45,0.37777777777777777,0.23767824472779814,0.5345898873536272,0.6222222222222222,0.5333333333333333,
imagined,"A within-subj, random CV",True,52,42,0.47619047619047616,0.32004050886022595,0.6358220290786671,0.6190476190476191,0.5,
imagined,"A within-subj, random CV",True,54,42,0.5714285714285714,0.40961127076287,0.7227932522003722,0.6190476190476191,0.5,
imagined,"A within-subj, random CV",True,57,45,0.5111111111111111,0.35774038567003036,0.6629662516072066,0.6222222222222222,0.5333333333333333,
imagined,"A within-subj, random CV",True,59,42,0.6190476190476191,0.4563674954978985,0.7642794531367836,0.6190476190476191,0.5,
imagined,"A within-subj, random CV",True,60,42,0.5476190476190477,0.38673178723787444,0.7015411868036825,0.6190476190476191,0.5,
imagined,"A within-subj, random CV",True,61,45,0.4888888888888889,0.3370337483927935,0.6422596143299697,0.6222222222222222,0.5111111111111111,
imagined,"A within-subj, random CV",True,63,42,0.5714285714285714,0.40961127076287,0.7227932522003722,0.6190476190476191,0.5,
imagined,"A within-subj, random CV",True,66,45,0.3333333333333333,0.20000568801069493,0.48950363785836143,0.6222222222222222,0.5111111111111111,
imagined,"A within-subj, random CV",True,68,42,0.38095238095238093,0.23572054686321633,0.5436325045021015,0.6190476190476191,0.5,
imagined,"A within-subj, random CV",True,69,42,0.5,0.3419475770509645,0.6580524229490354,0.6190476190476191,0.5,
imagined,"A within-subj, random CV",True,70,42,0.42857142857142855,0.2772067477996278,0.5903887292371299,0.6190476190476191,0.5,
imagined,"A within-subj, random CV",True,73,42,0.47619047619047616,0.32004050886022595,0.6358220290786671,0.6190476190476191,0.5,
imagined,"A within-subj, random CV",True,76,42,0.5476190476190477,0.38673178723787444,0.7015411868036825,0.6190476190476191,0.5,
imagined,"A within-subj, random CV",True,78,42,0.4523809523809524,0.2984588131963176,0.6132682127621256,0.6190476190476191,0.5,
imagined,"A within-subj, random CV",True,80,42,0.40476190476190477,0.25629092548365795,0.5671791092799632,0.6190476190476191,0.5,
imagined,"A within-subj, random CV",True,81,42,0.7142857142857143,0.554161196692031,0.8428085332342546,0.6190476190476191,0.5,
imagined,"A within-subj, random CV",True,83,45,0.28888888888888886,0.16366256044568112,0.4431452770852318,0.6222222222222222,0.5111111111111111,
imagined,"A within-subj, random CV",True,86,45,0.4,0.25697589519263137,0.5566864875209978,0.6222222222222222,0.5111111111111111,
imagined,"A within-subj, random CV",True,87,42,0.42857142857142855,0.2772067477996278,0.5903887292371299,0.6190476190476191,0.5,
imagined,"A within-subj, random CV",True,90,42,0.42857142857142855,0.2772067477996278,0.5903887292371299,0.6190476190476191,0.5,
imagined,"A within-subj, random CV",True,94,42,0.4523809523809524,0.2984588131963176,0.6132682127621256,0.6190476190476191,0.5,
imagined,"A within-subj, random CV",True,96,45,0.5333333333333333,0.37872001608746436,0.6833991770025765,0.6222222222222222,0.5111111111111111,
imagined,"A within-subj, random CV",True,102,42,0.5714285714285714,0.40961127076287,0.7227932522003722,0.6190476190476191,0.5,
imagined,"A within-subj, random CV",True,103,45,0.4888888888888889,0.3370337483927935,0.6422596143299697,0.6222222222222222,0.5111111111111111,
imagined,"A within-subj, random CV",True,105,42,0.4523809523809524,0.2984588131963176,0.6132682127621256,0.6190476190476191,0.5,
imagined,"A within-subj, random CV",True,106,45,0.6,0.4433135124790022,0.7430241048073687,0.6222222222222222,0.5333333333333333,
imagined,"A within-subj, random CV",True,109,42,0.5238095238095238,0.3641779709213327,0.6799594911397739,0.6190476190476191,0.5,
imagined,"B within-subj, leave-run-out",True,1,45,0.4888888888888889,0.3370337483927935,0.6422596143299697,0.6222222222222222,0.5111111111111111,
imagined,"B within-subj, leave-run-out",True,2,42,0.5,0.3419475770509645,0.6580524229490354,0.6190476190476191,0.5,
imagined,"B within-subj, leave-run-out",True,4,42,0.5476190476190477,0.38673178723787444,0.7015411868036825,0.6190476190476191,0.5,
imagined,"B within-subj, leave-run-out",True,5,42,0.42857142857142855,0.2772067477996278,0.5903887292371299,0.6190476190476191,0.5,
imagined,"B within-subj, leave-run-out",True,6,42,0.47619047619047616,0.32004050886022595,0.6358220290786671,0.6190476190476191,0.5,
imagined,"B within-subj, leave-run-out",True,7,45,0.5777777777777777,0.42150328448812835,0.7234329717538803,0.6222222222222222,0.5111111111111111,
imagined,"B within-subj, leave-run-out",True,8,42,0.35714285714285715,0.21550774142578752,0.5197394416145378,0.6190476190476191,0.5,
imagined,"B within-subj, leave-run-out",True,9,42,0.47619047619047616,0.32004050886022595,0.6358220290786671,0.6190476190476191,0.5,
imagined,"B within-subj, leave-run-out",True,10,42,0.35714285714285715,0.21550774142578752,0.5197394416145378,0.6190476190476191,0.5,
imagined,"B within-subj, leave-run-out",True,13,42,0.5714285714285714,0.40961127076287,0.7227932522003722,0.6190476190476191,0.5,
imagined,"B within-subj, leave-run-out",True,14,42,0.5714285714285714,0.40961127076287,0.7227932522003722,0.6190476190476191,0.5,
imagined,"B within-subj, leave-run-out",True,19,42,0.5238095238095238,0.3641779709213327,0.6799594911397739,0.6190476190476191,0.5,
imagined,"B within-subj, leave-run-out",True,20,42,0.4523809523809524,0.2984588131963176,0.6132682127621256,0.6190476190476191,0.5,
imagined,"B within-subj, leave-run-out",True,22,45,0.3333333333333333,0.20000568801069493,0.48950363785836143,0.6222222222222222,0.5111111111111111,
imagined,"B within-subj, leave-run-out",True,25,42,0.47619047619047616,0.32004050886022595,0.6358220290786671,0.6190476190476191,0.5,
imagined,"B within-subj, leave-run-out",True,26,42,0.4523809523809524,0.2984588131963176,0.6132682127621256,0.6190476190476191,0.5,
imagined,"B within-subj, leave-run-out",True,27,42,0.5,0.3419475770509645,0.6580524229490354,0.6190476190476191,0.5,
imagined,"B within-subj, leave-run-out",True,30,45,0.4,0.25697589519263137,0.5566864875209978,0.6222222222222222,0.5333333333333333,
imagined,"B within-subj, leave-run-out",True,31,42,0.5714285714285714,0.40961127076287,0.7227932522003722,0.6190476190476191,0.5,
imagined,"B within-subj, leave-run-out",True,32,45,0.5111111111111111,0.35774038567003036,0.6629662516072066,0.6222222222222222,0.5333333333333333,
imagined,"B within-subj, leave-run-out",True,33,42,0.42857142857142855,0.2772067477996278,0.5903887292371299,0.6190476190476191,0.5,
imagined,"B within-subj, leave-run-out",True,35,45,0.4222222222222222,0.27656702824611973,0.5784967155118717,0.6222222222222222,0.5111111111111111,
imagined,"B within-subj, leave-run-out",True,36,42,0.40476190476190477,0.25629092548365795,0.5671791092799632,0.6190476190476191,0.5,
imagined,"B within-subj, leave-run-out",True,37,43,0.46511627906976744,0.31176187902234953,0.6234527398899243,0.627906976744186,0.5116279069767442,
imagined,"B within-subj, leave-run-out",True,39,42,0.5476190476190477,0.38673178723787444,0.7015411868036825,0.6190476190476191,0.5,
imagined,"B within-subj, leave-run-out",True,41,44,0.4772727272727273,0.324614216397083,0.6331024834071655,0.6136363636363636,0.5227272727272727,
imagined,"B within-subj, leave-run-out",True,43,42,0.5238095238095238,0.3641779709213327,0.6799594911397739,0.6190476190476191,0.5,
imagined,"B within-subj, leave-run-out",True,46,45,0.5555555555555556,0.3999734964036788,0.7035560761341417,0.6222222222222222,0.5111111111111111,
imagined,"B within-subj, leave-run-out",True,49,42,0.5952380952380952,0.43282089072003677,0.7437090745163419,0.6190476190476191,0.5,
imagined,"B within-subj, leave-run-out",True,50,42,0.5714285714285714,0.40961127076287,0.7227932522003722,0.6190476190476191,0.5,
imagined,"B within-subj, leave-run-out",True,51,45,0.6,0.4433135124790022,0.7430241048073687,0.6222222222222222,0.5333333333333333,
imagined,"B within-subj, leave-run-out",True,52,42,0.5476190476190477,0.38673178723787444,0.7015411868036825,0.6190476190476191,0.5,
imagined,"B within-subj, leave-run-out",True,54,42,0.47619047619047616,0.32004050886022595,0.6358220290786671,0.6190476190476191,0.5,
imagined,"B within-subj, leave-run-out",True,57,45,0.4888888888888889,0.3370337483927935,0.6422596143299697,0.6222222222222222,0.5333333333333333,
imagined,"B within-subj, leave-run-out",True,59,42,0.47619047619047616,0.32004050886022595,0.6358220290786671,0.6190476190476191,0.5,
imagined,"B within-subj, leave-run-out",True,60,42,0.42857142857142855,0.2772067477996278,0.5903887292371299,0.6190476190476191,0.5,
imagined,"B within-subj, leave-run-out",True,61,45,0.4666666666666667,0.3166008229974236,0.6212799839125356,0.6222222222222222,0.5111111111111111,
imagined,"B within-subj, leave-run-out",True,63,42,0.47619047619047616,0.32004050886022595,0.6358220290786671,0.6190476190476191,0.5,
imagined,"B within-subj, leave-run-out",True,66,45,0.5777777777777777,0.42150328448812835,0.7234329717538803,0.6222222222222222,0.5111111111111111,
imagined,"B within-subj, leave-run-out",True,68,42,0.5714285714285714,0.40961127076287,0.7227932522003722,0.6190476190476191,0.5,
imagined,"B within-subj, leave-run-out",True,69,42,0.5,0.3419475770509645,0.6580524229490354,0.6190476190476191,0.5,
imagined,"B within-subj, leave-run-out",True,70,42,0.5,0.3419475770509645,0.6580524229490354,0.6190476190476191,0.5,
imagined,"B within-subj, leave-run-out",True,73,42,0.5,0.3419475770509645,0.6580524229490354,0.6190476190476191,0.5,
imagined,"B within-subj, leave-run-out",True,76,42,0.5,0.3419475770509645,0.6580524229490354,0.6190476190476191,0.5,
imagined,"B within-subj, leave-run-out",True,78,42,0.5238095238095238,0.3641779709213327,0.6799594911397739,0.6190476190476191,0.5,
imagined,"B within-subj, leave-run-out",True,80,42,0.47619047619047616,0.32004050886022595,0.6358220290786671,0.6190476190476191,0.5,
imagined,"B within-subj, leave-run-out",True,81,42,0.5238095238095238,0.3641779709213327,0.6799594911397739,0.6190476190476191,0.5,
imagined,"B within-subj, leave-run-out",True,83,45,0.4222222222222222,0.27656702824611973,0.5784967155118717,0.6222222222222222,0.5111111111111111,
imagined,"B within-subj, leave-run-out",True,86,45,0.5333333333333333,0.37872001608746436,0.6833991770025765,0.6222222222222222,0.5111111111111111,
imagined,"B within-subj, leave-run-out",True,87,42,0.5,0.3419475770509645,0.6580524229490354,0.6190476190476191,0.5,
imagined,"B within-subj, leave-run-out",True,90,42,0.5476190476190477,0.38673178723787444,0.7015411868036825,0.6190476190476191,0.5,
imagined,"B within-subj, leave-run-out",True,94,42,0.38095238095238093,0.23572054686321633,0.5436325045021015,0.6190476190476191,0.5,
imagined,"B within-subj, leave-run-out",True,96,45,0.5111111111111111,0.35774038567003036,0.6629662516072066,0.6222222222222222,0.5111111111111111,
imagined,"B within-subj, leave-run-out",True,102,42,0.5952380952380952,0.43282089072003677,0.7437090745163419,0.6190476190476191,0.5,
imagined,"B within-subj, leave-run-out",True,103,45,0.4,0.25697589519263137,0.5566864875209978,0.6222222222222222,0.5111111111111111,
imagined,"B within-subj, leave-run-out",True,105,42,0.5,0.3419475770509645,0.6580524229490354,0.6190476190476191,0.5,
imagined,"B within-subj, leave-run-out",True,106,45,0.4222222222222222,0.27656702824611973,0.5784967155118717,0.6222222222222222,0.5333333333333333,
imagined,"B within-subj, leave-run-out",True,109,42,0.5,0.3419475770509645,0.6580524229490354,0.6190476190476191,0.5,
imagined,"C cross-subj, LOSO + align",True,1,45,0.4666666666666667,0.3166008229974236,0.6212799839125356,0.6222222222222222,,0.592
imagined,"C cross-subj, LOSO + align",True,2,42,0.40476190476190477,0.25629092548365795,0.5671791092799632,0.6190476190476191,,0.6093333333333333
imagined,"C cross-subj, LOSO + align",True,4,42,0.42857142857142855,0.2772067477996278,0.5903887292371299,0.6190476190476191,,0.6193333333333333
imagined,"C cross-subj, LOSO + align",True,5,42,0.47619047619047616,0.32004050886022595,0.6358220290786671,0.6190476190476191,,0.582
imagined,"C cross-subj, LOSO + align",True,6,42,0.38095238095238093,0.23572054686321633,0.5436325045021015,0.6190476190476191,,0.5886666666666667
imagined,"C cross-subj, LOSO + align",True,7,45,0.37777777777777777,0.23767824472779814,0.5345898873536272,0.6222222222222222,,0.578
imagined,"C cross-subj, LOSO + align",True,8,42,0.5,0.3419475770509645,0.6580524229490354,0.6190476190476191,,0.5833333333333334
imagined,"C cross-subj, LOSO + align",True,9,42,0.5952380952380952,0.43282089072003677,0.7437090745163419,0.6190476190476191,,0.5993333333333334
imagined,"C cross-subj, LOSO + align",True,10,42,0.47619047619047616,0.32004050886022595,0.6358220290786671,0.6190476190476191,,0.5973333333333334
imagined,"C cross-subj, LOSO + align",True,13,42,0.5,0.3419475770509645,0.6580524229490354,0.6190476190476191,,0.616
imagined,"C cross-subj, LOSO + align",True,14,42,0.5,0.3419475770509645,0.6580524229490354,0.6190476190476191,,0.5973333333333334
imagined,"C cross-subj, LOSO + align",True,19,42,0.2619047619047619,0.13861013208847037,0.4203966871176082,0.6190476190476191,,0.5946666666666667
imagined,"C cross-subj, LOSO + align",True,20,42,0.5,0.3419475770509645,0.6580524229490354,0.6190476190476191,,0.61
imagined,"C cross-subj, LOSO + align",True,22,45,0.4222222222222222,0.27656702824611973,0.5784967155118717,0.6222222222222222,,0.61
imagined,"C cross-subj, LOSO + align",True,25,42,0.5476190476190477,0.38673178723787444,0.7015411868036825,0.6190476190476191,,0.5693333333333334
imagined,"C cross-subj, LOSO + align",True,26,42,0.5,0.3419475770509645,0.6580524229490354,0.6190476190476191,,0.5653333333333334
imagined,"C cross-subj, LOSO + align",True,27,42,0.5,0.3419475770509645,0.6580524229490354,0.6190476190476191,,0.5693333333333334
imagined,"C cross-subj, LOSO + align",True,30,45,0.5333333333333333,0.37872001608746436,0.6833991770025765,0.6222222222222222,,0.5693333333333334
imagined,"C cross-subj, LOSO + align",True,31,42,0.4523809523809524,0.2984588131963176,0.6132682127621256,0.6190476190476191,,0.5773333333333334
imagined,"C cross-subj, LOSO + align",True,32,45,0.37777777777777777,0.23767824472779814,0.5345898873536272,0.6222222222222222,,0.5886666666666667
imagined,"C cross-subj, LOSO + align",True,33,42,0.42857142857142855,0.2772067477996278,0.5903887292371299,0.6190476190476191,,0.5886666666666667
imagined,"C cross-subj, LOSO + align",True,35,45,0.4,0.25697589519263137,0.5566864875209978,0.6222222222222222,,0.5693333333333334
imagined,"C cross-subj, LOSO + align",True,36,42,0.5,0.3419475770509645,0.6580524229490354,0.6190476190476191,,0.5913333333333334
imagined,"C cross-subj, LOSO + align",True,37,43,0.4883720930232558,0.3330513538648937,0.6453532269489863,0.627906976744186,,0.594
imagined,"C cross-subj, LOSO + align",True,39,42,0.42857142857142855,0.2772067477996278,0.5903887292371299,0.6190476190476191,,0.5826666666666667
imagined,"C cross-subj, LOSO + align",True,41,44,0.5454545454545454,0.3884721224729164,0.6960928864843264,0.6136363636363636,,0.5813333333333334
imagined,"C cross-subj, LOSO + align",True,43,42,0.5,0.3419475770509645,0.6580524229490354,0.6190476190476191,,0.5953333333333334
imagined,"C cross-subj, LOSO + align",True,46,45,0.4444444444444444,0.2964439238658582,0.6000265035963211,0.6222222222222222,,0.5813333333333334
imagined,"C cross-subj, LOSO + align",True,49,42,0.47619047619047616,0.32004050886022595,0.6358220290786671,0.6190476190476191,,0.6013333333333334
imagined,"C cross-subj, LOSO + align",True,50,42,0.5952380952380952,0.43282089072003677,0.7437090745163419,0.6190476190476191,,0.5606666666666666
imagined,"C cross-subj, LOSO + align",True,51,45,0.4,0.25697589519263137,0.5566864875209978,0.6222222222222222,,0.594
imagined,"C cross-subj, LOSO + align",True,52,42,0.5238095238095238,0.3641779709213327,0.6799594911397739,0.6190476190476191,,0.5906666666666667
imagined,"C cross-subj, LOSO + align",True,54,42,0.5,0.3419475770509645,0.6580524229490354,0.6190476190476191,,0.5973333333333334
imagined,"C cross-subj, LOSO + align",True,57,45,0.5333333333333333,0.37872001608746436,0.6833991770025765,0.6222222222222222,,0.5693333333333334
imagined,"C cross-subj, LOSO + align",True,59,42,0.5476190476190477,0.38673178723787444,0.7015411868036825,0.6190476190476191,,0.576
imagined,"C cross-subj, LOSO + align",True,60,42,0.4523809523809524,0.2984588131963176,0.6132682127621256,0.6190476190476191,,0.5766666666666667
imagined,"C cross-subj, LOSO + align",True,61,45,0.4666666666666667,0.3166008229974236,0.6212799839125356,0.6222222222222222,,0.5866666666666667
imagined,"C cross-subj, LOSO + align",True,63,42,0.47619047619047616,0.32004050886022595,0.6358220290786671,0.6190476190476191,,0.584
imagined,"C cross-subj, LOSO + align",True,66,45,0.5333333333333333,0.37872001608746436,0.6833991770025765,0.6222222222222222,,0.5766666666666667
imagined,"C cross-subj, LOSO + align",True,68,42,0.5714285714285714,0.40961127076287,0.7227932522003722,0.6190476190476191,,0.58
imagined,"C cross-subj, LOSO + align",True,69,42,0.40476190476190477,0.25629092548365795,0.5671791092799632,0.6190476190476191,,0.6153333333333333
imagined,"C cross-subj, LOSO + align",True,70,42,0.47619047619047616,0.32004050886022595,0.6358220290786671,0.6190476190476191,,0.6006666666666667
imagined,"C cross-subj, LOSO + align",True,73,42,0.38095238095238093,0.23572054686321633,0.5436325045021015,0.6190476190476191,,0.5893333333333334
imagined,"C cross-subj, LOSO + align",True,76,42,0.5714285714285714,0.40961127076287,0.7227932522003722,0.6190476190476191,,0.582
imagined,"C cross-subj, LOSO + align",True,78,42,0.7142857142857143,0.554161196692031,0.8428085332342546,0.6190476190476191,,0.6013333333333334
imagined,"C cross-subj, LOSO + align",True,80,42,0.42857142857142855,0.2772067477996278,0.5903887292371299,0.6190476190476191,,0.5613333333333334
imagined,"C cross-subj, LOSO + align",True,81,42,0.47619047619047616,0.32004050886022595,0.6358220290786671,0.6190476190476191,,0.618
imagined,"C cross-subj, LOSO + align",True,83,45,0.5777777777777777,0.42150328448812835,0.7234329717538803,0.6222222222222222,,0.5913333333333334
imagined,"C cross-subj, LOSO + align",True,86,45,0.5333333333333333,0.37872001608746436,0.6833991770025765,0.6222222222222222,,0.5733333333333334
imagined,"C cross-subj, LOSO + align",True,87,42,0.5238095238095238,0.3641779709213327,0.6799594911397739,0.6190476190476191,,0.5806666666666667
imagined,"C cross-subj, LOSO + align",True,90,42,0.5476190476190477,0.38673178723787444,0.7015411868036825,0.6190476190476191,,0.57
imagined,"C cross-subj, LOSO + align",True,94,42,0.5238095238095238,0.3641779709213327,0.6799594911397739,0.6190476190476191,,0.6
imagined,"C cross-subj, LOSO + align",True,96,45,0.4666666666666667,0.3166008229974236,0.6212799839125356,0.6222222222222222,,0.61
imagined,"C cross-subj, LOSO + align",True,102,42,0.5714285714285714,0.40961127076287,0.7227932522003722,0.6190476190476191,,0.5993333333333334
imagined,"C cross-subj, LOSO + align",True,103,45,0.5111111111111111,0.35774038567003036,0.6629662516072066,0.6222222222222222,,0.5733333333333334
imagined,"C cross-subj, LOSO + align",True,105,42,0.47619047619047616,0.32004050886022595,0.6358220290786671,0.6190476190476191,,0.5946666666666667
imagined,"C cross-subj, LOSO + align",True,106,45,0.6,0.4433135124790022,0.7430241048073687,0.6222222222222222,,0.5933333333333334
imagined,"C cross-subj, LOSO + align",True,109,42,0.4523809523809524,0.2984588131963176,0.6132682127621256,0.6190476190476191,,0.5953333333333334
imagined,D LOSO + 16 calib trials,True,1,29,0.4482758620689655,0.2644553037067049,0.6430612891960847,0.6551724137931034,,0.5926666666666667
imagined,D LOSO + 16 calib trials,True,2,26,0.4230769230769231,0.23352198312744346,0.6308196190760333,0.6538461538461539,,0.606
imagined,D LOSO + 16 calib trials,True,4,26,0.34615384615384615,0.17214413800566644,0.5566719260423902,0.6538461538461539,,0.6113333333333333
imagined,D LOSO + 16 calib trials,True,5,26,0.46153846153846156,0.26587121742295106,0.6662917815247077,0.6538461538461539,,0.572
imagined,D LOSO + 16 calib trials,True,6,26,0.3076923076923077,0.14325999792770355,0.5178964364457416,0.6538461538461539,,0.5906666666666667
imagined,D LOSO + 16 calib trials,True,7,29,0.3103448275862069,0.15284593960863155,0.50832335380999,0.6551724137931034,,0.584
imagined,D LOSO + 16 calib trials,True,8,26,0.5384615384615384,0.33370821847529225,0.7341287825770489,0.6538461538461539,,0.5846666666666667
imagined,D LOSO + 16 calib trials,True,9,26,0.6153846153846154,0.40570753529859144,0.7977397563449796,0.6538461538461539,,0.6026666666666667
imagined,D LOSO + 16 calib trials,True,10,26,0.5,0.2992721794415965,0.7007278205584035,0.6538461538461539,,0.6046666666666667
imagined,D LOSO + 16 calib trials,True,13,26,0.46153846153846156,0.26587121742295106,0.6662917815247077,0.6538461538461539,,0.6133333333333333
imagined,D LOSO + 16 calib trials,True,14,26,0.5384615384615384,0.33370821847529225,0.7341287825770489,0.6538461538461539,,0.5986666666666667
imagined,D LOSO + 16 calib trials,True,19,26,0.2692307692307692,0.11573221329150399,0.47787478969383146,0.6538461538461539,,0.5933333333333334
imagined,D LOSO + 16 calib trials,True,20,26,0.4230769230769231,0.23352198312744346,0.6308196190760333,0.6538461538461539,,0.6046666666666667
imagined,D LOSO + 16 calib trials,True,22,29,0.5862068965517241,0.38936279139690627,0.7647597902471015,0.6551724137931034,,0.6066666666666667
imagined,D LOSO + 16 calib trials,True,25,26,0.5384615384615384,0.33370821847529225,0.7341287825770489,0.6538461538461539,,0.57
imagined,D LOSO + 16 calib trials,True,26,26,0.4230769230769231,0.23352198312744346,0.6308196190760333,0.6538461538461539,,0.5666666666666667
imagined,D LOSO + 16 calib trials,True,27,26,0.6153846153846154,0.40570753529859144,0.7977397563449796,0.6538461538461539,,0.5773333333333334
imagined,D LOSO + 16 calib trials,True,30,29,0.5172413793103449,0.32531499636145644,0.7055144170481589,0.6551724137931034,,0.5666666666666667
imagined,D LOSO + 16 calib trials,True,31,26,0.3076923076923077,0.14325999792770355,0.5178964364457416,0.6538461538461539,,0.5813333333333334
imagined,D LOSO + 16 calib trials,True,32,29,0.3448275862068966,0.17938364923511183,0.5433057276679433,0.6551724137931034,,0.5933333333333334
imagined,D LOSO + 16 calib trials,True,33,26,0.2692307692307692,0.11573221329150399,0.47787478969383146,0.6538461538461539,,0.5933333333333334
imagined,D LOSO + 16 calib trials,True,35,29,0.3793103448275862,0.20686869948650707,0.5773953593355988,0.6551724137931034,,0.5706666666666667
imagined,D LOSO + 16 calib trials,True,36,26,0.46153846153846156,0.26587121742295106,0.6662917815247077,0.6538461538461539,,0.586
imagined,D LOSO + 16 calib trials,True,37,27,0.4444444444444444,0.25479880663173776,0.6467357696779945,0.6666666666666666,,0.5973333333333334
imagined,D LOSO + 16 calib trials,True,39,26,0.38461538461538464,0.20226024365502038,0.5942924647014085,0.6538461538461539,,0.5893333333333334
imagined,D LOSO + 16 calib trials,True,41,28,0.5357142857142857,0.33869907611460004,0.7248914397034039,0.6428571428571429,,0.5786666666666667
imagined,D LOSO + 16 calib trials,True,43,26,0.34615384615384615,0.17214413800566644,0.5566719260423902,0.6538461538461539,,0.588
imagined,D LOSO + 16 calib trials,True,46,29,0.3448275862068966,0.17938364923511183,0.5433057276679433,0.6551724137931034,,0.5793333333333334
imagined,D LOSO + 16 calib trials,True,49,26,0.46153846153846156,0.26587121742295106,0.6662917815247077,0.6538461538461539,,0.6
imagined,D LOSO + 16 calib trials,True,50,26,0.5384615384615384,0.33370821847529225,0.7341287825770489,0.6538461538461539,,0.5653333333333334
imagined,D LOSO + 16 calib trials,True,51,29,0.41379310344827586,0.23524020975289847,0.6106372086030938,0.6551724137931034,,0.6053333333333333
imagined,D LOSO + 16 calib trials,True,52,26,0.6153846153846154,0.40570753529859144,0.7977397563449796,0.6538461538461539,,0.5746666666666667
imagined,D LOSO + 16 calib trials,True,54,26,0.5,0.2992721794415965,0.7007278205584035,0.6538461538461539,,0.594
imagined,D LOSO + 16 calib trials,True,57,29,0.6206896551724138,0.4226046406644011,0.7931313005134929,0.6551724137931034,,0.5586666666666666
imagined,D LOSO + 16 calib trials,True,59,26,0.5384615384615384,0.33370821847529225,0.7341287825770489,0.6538461538461539,,0.572
imagined,D LOSO + 16 calib trials,True,60,26,0.5384615384615384,0.33370821847529225,0.7341287825770489,0.6538461538461539,,0.576
imagined,D LOSO + 16 calib trials,True,61,29,0.3448275862068966,0.17938364923511183,0.5433057276679433,0.6551724137931034,,0.584
imagined,D LOSO + 16 calib trials,True,63,26,0.38461538461538464,0.20226024365502038,0.5942924647014085,0.6538461538461539,,0.586
imagined,D LOSO + 16 calib trials,True,66,29,0.5172413793103449,0.32531499636145644,0.7055144170481589,0.6551724137931034,,0.582
imagined,D LOSO + 16 calib trials,True,68,26,0.5384615384615384,0.33370821847529225,0.7341287825770489,0.6538461538461539,,0.576
imagined,D LOSO + 16 calib trials,True,69,26,0.34615384615384615,0.17214413800566644,0.5566719260423902,0.6538461538461539,,0.6113333333333333
imagined,D LOSO + 16 calib trials,True,70,26,0.5384615384615384,0.33370821847529225,0.7341287825770489,0.6538461538461539,,0.598
imagined,D LOSO + 16 calib trials,True,73,26,0.46153846153846156,0.26587121742295106,0.6662917815247077,0.6538461538461539,,0.596
imagined,D LOSO + 16 calib trials,True,76,26,0.6153846153846154,0.40570753529859144,0.7977397563449796,0.6538461538461539,,0.5806666666666667
imagined,D LOSO + 16 calib trials,True,78,26,0.6153846153846154,0.40570753529859144,0.7977397563449796,0.6538461538461539,,0.5973333333333334
imagined,D LOSO + 16 calib trials,True,80,26,0.5,0.2992721794415965,0.7007278205584035,0.6538461538461539,,0.5653333333333334
imagined,D LOSO + 16 calib trials,True,81,26,0.6153846153846154,0.40570753529859144,0.7977397563449796,0.6538461538461539,,0.6126666666666667
imagined,D LOSO + 16 calib trials,True,83,29,0.41379310344827586,0.23524020975289847,0.6106372086030938,0.6551724137931034,,0.5773333333333334
imagined,D LOSO + 16 calib trials,True,86,29,0.5862068965517241,0.38936279139690627,0.7647597902471015,0.6551724137931034,,0.572
imagined,D LOSO + 16 calib trials,True,87,26,0.5384615384615384,0.33370821847529225,0.7341287825770489,0.6538461538461539,,0.5726666666666667
imagined,D LOSO + 16 calib trials,True,90,26,0.5769230769230769,0.3691803809239666,0.7664780168725565,0.6538461538461539,,0.5753333333333334
imagined,D LOSO + 16 calib trials,True,94,26,0.6153846153846154,0.40570753529859144,0.7977397563449796,0.6538461538461539,,0.5986666666666667
imagined,D LOSO + 16 calib trials,True,96,29,0.41379310344827586,0.23524020975289847,0.6106372086030938,0.6551724137931034,,0.6026666666666667
imagined,D LOSO + 16 calib trials,True,102,26,0.5384615384615384,0.33370821847529225,0.7341287825770489,0.6538461538461539,,0.6033333333333334
imagined,D LOSO + 16 calib trials,True,103,29,0.5517241379310345,0.3569387108039151,0.735544696293295,0.6551724137931034,,0.5773333333333334
imagined,D LOSO + 16 calib trials,True,105,26,0.5,0.2992721794415965,0.7007278205584035,0.6538461538461539,,0.5946666666666667
imagined,D LOSO + 16 calib trials,True,106,29,0.5862068965517241,0.38936279139690627,0.7647597902471015,0.6551724137931034,,0.5953333333333334
imagined,D LOSO + 16 calib trials,True,109,26,0.4230769230769231,0.23352198312744346,0.6308196190760333,0.6538461538461539,,0.6026666666666667
executed,"A within-subj, random CV",False,1,45,0.7111111111111111,0.5568547229147682,0.8363374395543188,0.6222222222222222,0.5111111111111111,
executed,"A within-subj, random CV",False,2,42,0.5952380952380952,0.43282089072003677,0.7437090745163419,0.6190476190476191,0.5,
executed,"A within-subj, random CV",False,4,42,0.5952380952380952,0.43282089072003677,0.7437090745163419,0.6190476190476191,0.5,
executed,"A within-subj, random CV",False,5,42,0.6666666666666666,0.5045125357367691,0.8043319519634817,0.6190476190476191,0.5,
executed,"A within-subj, random CV",False,6,42,0.40476190476190477,0.25629092548365795,0.5671791092799632,0.6190476190476191,0.5,
executed,"A within-subj, random CV",False,7,45,0.9333333333333333,0.8173155434217731,0.9860349029556295,0.6222222222222222,0.5111111111111111,
executed,"A within-subj, random CV",False,8,42,0.4523809523809524,0.2984588131963176,0.6132682127621256,0.6190476190476191,0.5,
executed,"A within-subj, random CV",False,9,42,0.5,0.3419475770509645,0.6580524229490354,0.6190476190476191,0.5,
executed,"A within-subj, random CV",False,10,42,0.7619047619047619,0.605497570978424,0.8794838135078201,0.6190476190476191,0.5,
executed,"A within-subj, random CV",False,13,42,0.7142857142857143,0.554161196692031,0.8428085332342546,0.6190476190476191,0.5,
executed,"A within-subj, random CV",False,14,42,0.6190476190476191,0.4563674954978985,0.7642794531367836,0.6190476190476191,0.5,
executed,"A within-subj, random CV",False,19,42,0.9285714285714286,0.8051688018435087,0.98502030832929,0.6190476190476191,0.5,
executed,"A within-subj, random CV",False,20,42,0.5476190476190477,0.38673178723787444,0.7015411868036825,0.6190476190476191,0.5,
executed,"A within-subj, random CV",False,22,45,0.8666666666666667,0.7320750459065521,0.9494576240866738,0.6222222222222222,0.5111111111111111,
executed,"A within-subj, random CV",False,25,42,0.7619047619047619,0.605497570978424,0.8794838135078201,0.6190476190476191,0.5,
executed,"A within-subj, random CV",False,26,42,0.8333333333333334,0.6863591331193288,0.9302593363443249,0.6190476190476191,0.5,
executed,"A within-subj, random CV",False,27,42,0.40476190476190477,0.25629092548365795,0.5671791092799632,0.6190476190476191,0.5,
executed,"A within-subj, random CV",False,30,45,0.5111111111111111,0.35774038567003036,0.6629662516072066,0.6222222222222222,0.5111111111111111,
executed,"A within-subj, random CV",False,31,42,0.8333333333333334,0.6863591331193288,0.9302593363443249,0.6190476190476191,0.5,
executed,"A within-subj, random CV",False,32,45,0.9333333333333333,0.8173155434217731,0.9860349029556295,0.6222222222222222,0.5111111111111111,
executed,"A within-subj, random CV",False,33,42,0.5476190476190477,0.38673178723787444,0.7015411868036825,0.6190476190476191,0.5,
executed,"A within-subj, random CV",False,35,45,0.8666666666666667,0.7320750459065521,0.9494576240866738,0.6222222222222222,0.5333333333333333,
executed,"A within-subj, random CV",False,36,42,0.47619047619047616,0.32004050886022595,0.6358220290786671,0.6190476190476191,0.5,
executed,"A within-subj, random CV",False,37,42,0.47619047619047616,0.32004050886022595,0.6358220290786671,0.6190476190476191,0.5,
executed,"A within-subj, random CV",False,39,42,0.6190476190476191,0.4563674954978985,0.7642794531367836,0.6190476190476191,0.5,
executed,"A within-subj, random CV",False,41,42,0.47619047619047616,0.32004050886022595,0.6358220290786671,0.6190476190476191,0.5,
executed,"A within-subj, random CV",False,43,42,0.5714285714285714,0.40961127076287,0.7227932522003722,0.6190476190476191,0.5,
executed,"A within-subj, random CV",False,46,45,0.9333333333333333,0.8173155434217731,0.9860349029556295,0.6222222222222222,0.5111111111111111,
executed,"A within-subj, random CV",False,49,42,0.7857142857142857,0.6318843660680237,0.8970403501027812,0.6190476190476191,0.5,
executed,"A within-subj, random CV",False,50,42,0.7619047619047619,0.605497570978424,0.8794838135078201,0.6190476190476191,0.5,
executed,"A within-subj, random CV",False,51,42,0.6190476190476191,0.4563674954978985,0.7642794531367836,0.6190476190476191,0.5,
executed,"A within-subj, random CV",False,52,42,0.6666666666666666,0.5045125357367691,0.8043319519634817,0.6190476190476191,0.5,
executed,"A within-subj, random CV",False,54,42,0.9761904761904762,0.8743414428250078,0.9993973766983965,0.6190476190476191,0.5,
executed,"A within-subj, random CV",False,57,45,0.7777777777777778,0.629112447400512,0.887954061122865,0.6222222222222222,0.5333333333333333,
executed,"A within-subj, random CV",False,59,42,0.6190476190476191,0.4563674954978985,0.7642794531367836,0.6190476190476191,0.5,
executed,"A within-subj, random CV",False,60,42,0.6904761904761905,0.5291393710678833,0.8237789173580449,0.6190476190476191,0.5,
executed,"A within-subj, random CV",False,61,45,0.6222222222222222,0.4654101126463728,0.7623217552722018,0.6222222222222222,0.5333333333333333,
executed,"A within-subj, random CV",False,63,42,0.42857142857142855,0.2772067477996278,0.5903887292371299,0.6190476190476191,0.5,
executed,"A within-subj, random CV",False,66,45,0.6888888888888889,0.533508970087884,0.8183411960662779,0.6222222222222222,0.5333333333333333,
executed,"A within-subj, random CV",False,68,42,0.5,0.3419475770509645,0.6580524229490354,0.6190476190476191,0.5,
executed,"A within-subj, random CV",False,69,42,0.5714285714285714,0.40961127076287,0.7227932522003722,0.6190476190476191,0.5,
executed,"A within-subj, random CV",False,70,42,0.7857142857142857,0.6318843660680237,0.8970403501027812,0.6190476190476191,0.5,
executed,"A within-subj, random CV",False,73,42,0.47619047619047616,0.32004050886022595,0.6358220290786671,0.6190476190476191,0.5,
executed,"A within-subj, random CV",False,76,42,0.9285714285714286,0.8051688018435087,0.98502030832929,0.6190476190476191,0.5,
executed,"A within-subj, random CV",False,78,42,0.38095238095238093,0.23572054686321633,0.5436325045021015,0.6190476190476191,0.5,
executed,"A within-subj, random CV",False,80,42,0.5,0.3419475770509645,0.6580524229490354,0.6190476190476191,0.5,
executed,"A within-subj, random CV",False,81,42,0.5952380952380952,0.43282089072003677,0.7437090745163419,0.6190476190476191,0.5,
executed,"A within-subj, random CV",False,83,45,0.7777777777777778,0.629112447400512,0.887954061122865,0.6222222222222222,0.5111111111111111,
executed,"A within-subj, random CV",False,86,45,0.6444444444444445,0.48780100514814595,0.7813159892644141,0.6222222222222222,0.5111111111111111,
executed,"A within-subj, random CV",False,87,42,0.5476190476190477,0.38673178723787444,0.7015411868036825,0.6190476190476191,0.5,
executed,"A within-subj, random CV",False,90,42,0.5,0.3419475770509645,0.6580524229490354,0.6190476190476191,0.5,
executed,"A within-subj, random CV",False,94,42,0.9761904761904762,0.8743414428250078,0.9993973766983965,0.6190476190476191,0.5,
executed,"A within-subj, random CV",False,96,45,0.7333333333333333,0.5805532952579822,0.8539592841618702,0.6222222222222222,0.5111111111111111,
executed,"A within-subj, random CV",False,102,42,0.5952380952380952,0.43282089072003677,0.7437090745163419,0.6190476190476191,0.5,
executed,"A within-subj, random CV",False,103,45,0.5333333333333333,0.37872001608746436,0.6833991770025765,0.6222222222222222,0.5111111111111111,
executed,"A within-subj, random CV",False,105,42,1.0,0.9159161450596448,1.0,0.6190476190476191,0.5,
executed,"A within-subj, random CV",False,106,45,0.4222222222222222,0.27656702824611973,0.5784967155118717,0.6222222222222222,0.5111111111111111,
executed,"A within-subj, random CV",False,109,42,0.5952380952380952,0.43282089072003677,0.7437090745163419,0.6190476190476191,0.5,
executed,"B within-subj, leave-run-out",False,1,45,0.6888888888888889,0.533508970087884,0.8183411960662779,0.6222222222222222,0.5111111111111111,
executed,"B within-subj, leave-run-out",False,2,42,0.5952380952380952,0.43282089072003677,0.7437090745163419,0.6190476190476191,0.5,
executed,"B within-subj, leave-run-out",False,4,42,0.6190476190476191,0.4563674954978985,0.7642794531367836,0.6190476190476191,0.5,
executed,"B within-subj, leave-run-out",False,5,42,0.5714285714285714,0.40961127076287,0.7227932522003722,0.6190476190476191,0.5,
executed,"B within-subj, leave-run-out",False,6,42,0.5238095238095238,0.3641779709213327,0.6799594911397739,0.6190476190476191,0.5,
executed,"B within-subj, leave-run-out",False,7,45,0.8666666666666667,0.7320750459065521,0.9494576240866738,0.6222222222222222,0.5111111111111111,
executed,"B within-subj, leave-run-out",False,8,42,0.47619047619047616,0.32004050886022595,0.6358220290786671,0.6190476190476191,0.5,
executed,"B within-subj, leave-run-out",False,9,42,0.6666666666666666,0.5045125357367691,0.8043319519634817,0.6190476190476191,0.5,
executed,"B within-subj, leave-run-out",False,10,42,0.8095238095238095,0.6588155863958433,0.9139944055440679,0.6190476190476191,0.5,
executed,"B within-subj, leave-run-out",False,13,42,0.6666666666666666,0.5045125357367691,0.8043319519634817,0.6190476190476191,0.5,
executed,"B within-subj, leave-run-out",False,14,42,0.5952380952380952,0.43282089072003677,0.7437090745163419,0.6190476190476191,0.5,
executed,"B within-subj, leave-run-out",False,19,42,0.8333333333333334,0.6863591331193288,0.9302593363443249,0.6190476190476191,0.5,
executed,"B within-subj, leave-run-out",False,20,42,0.5952380952380952,0.43282089072003677,0.7437090745163419,0.6190476190476191,0.5,
executed,"B within-subj, leave-run-out",False,22,45,0.7111111111111111,0.5568547229147682,0.8363374395543188,0.6222222222222222,0.5111111111111111,
executed,"B within-subj, leave-run-out",False,25,42,0.7142857142857143,0.554161196692031,0.8428085332342546,0.6190476190476191,0.5,
executed,"B within-subj, leave-run-out",False,26,42,0.8333333333333334,0.6863591331193288,0.9302593363443249,0.6190476190476191,0.5,
executed,"B within-subj, leave-run-out",False,27,42,0.42857142857142855,0.2772067477996278,0.5903887292371299,0.6190476190476191,0.5,
executed,"B within-subj, leave-run-out",False,30,45,0.5333333333333333,0.37872001608746436,0.6833991770025765,0.6222222222222222,0.5111111111111111,
executed,"B within-subj, leave-run-out",False,31,42,0.7619047619047619,0.605497570978424,0.8794838135078201,0.6190476190476191,0.5,
executed,"B within-subj, leave-run-out",False,32,45,0.8444444444444444,0.7054483989019467,0.9350907879916224,0.6222222222222222,0.5111111111111111,
executed,"B within-subj, leave-run-out",False,33,42,0.5238095238095238,0.3641779709213327,0.6799594911397739,0.6190476190476191,0.5,
executed,"B within-subj, leave-run-out",False,35,45,0.8,0.6540417022050522,0.9042427303088574,0.6222222222222222,0.5333333333333333,
executed,"B within-subj, leave-run-out",False,36,42,0.5476190476190477,0.38673178723787444,0.7015411868036825,0.6190476190476191,0.5,
executed,"B within-subj, leave-run-out",False,37,42,0.5714285714285714,0.40961127076287,0.7227932522003722,0.6190476190476191,0.5,
executed,"B within-subj, leave-run-out",False,39,42,0.6428571428571429,0.4802605583854622,0.7844922585742125,0.6190476190476191,0.5,
executed,"B within-subj, leave-run-out",False,41,42,0.6428571428571429,0.4802605583854622,0.7844922585742125,0.6190476190476191,0.5,
executed,"B within-subj, leave-run-out",False,43,42,0.7142857142857143,0.554161196692031,0.8428085332342546,0.6190476190476191,0.5,
executed,"B within-subj, leave-run-out",False,46,45,0.9333333333333333,0.8173155434217731,0.9860349029556295,0.6222222222222222,0.5111111111111111,
executed,"B within-subj, leave-run-out",False,49,42,0.8333333333333334,0.6863591331193288,0.9302593363443249,0.6190476190476191,0.5,
executed,"B within-subj, leave-run-out",False,50,42,0.7857142857142857,0.6318843660680237,0.8970403501027812,0.6190476190476191,0.5,
executed,"B within-subj, leave-run-out",False,51,42,0.5238095238095238,0.3641779709213327,0.6799594911397739,0.6190476190476191,0.5,
executed,"B within-subj, leave-run-out",False,52,42,0.6428571428571429,0.4802605583854622,0.7844922585742125,0.6190476190476191,0.5,
executed,"B within-subj, leave-run-out",False,54,42,0.9523809523809523,0.838358040308346,0.99418017516449,0.6190476190476191,0.5,
executed,"B within-subj, leave-run-out",False,57,45,0.7333333333333333,0.5805532952579822,0.8539592841618702,0.6222222222222222,0.5333333333333333,
executed,"B within-subj, leave-run-out",False,59,42,0.6428571428571429,0.4802605583854622,0.7844922585742125,0.6190476190476191,0.5,
executed,"B within-subj, leave-run-out",False,60,42,0.8333333333333334,0.6863591331193288,0.9302593363443249,0.6190476190476191,0.5,
executed,"B within-subj, leave-run-out",False,61,45,0.6888888888888889,0.533508970087884,0.8183411960662779,0.6222222222222222,0.5333333333333333,
executed,"B within-subj, leave-run-out",False,63,42,0.5,0.3419475770509645,0.6580524229490354,0.6190476190476191,0.5,
executed,"B within-subj, leave-run-out",False,66,45,0.6888888888888889,0.533508970087884,0.8183411960662779,0.6222222222222222,0.5333333333333333,
executed,"B within-subj, leave-run-out",False,68,42,0.42857142857142855,0.2772067477996278,0.5903887292371299,0.6190476190476191,0.5,
executed,"B within-subj, leave-run-out",False,69,42,0.5476190476190477,0.38673178723787444,0.7015411868036825,0.6190476190476191,0.5,
executed,"B within-subj, leave-run-out",False,70,42,0.7380952380952381,0.5796033128823919,0.8613898679115296,0.6190476190476191,0.5,
executed,"B within-subj, leave-run-out",False,73,42,0.42857142857142855,0.2772067477996278,0.5903887292371299,0.6190476190476191,0.5,
executed,"B within-subj, leave-run-out",False,76,42,0.9523809523809523,0.838358040308346,0.99418017516449,0.6190476190476191,0.5,
executed,"B within-subj, leave-run-out",False,78,42,0.5,0.3419475770509645,0.6580524229490354,0.6190476190476191,0.5,
executed,"B within-subj, leave-run-out",False,80,42,0.5238095238095238,0.3641779709213327,0.6799594911397739,0.6190476190476191,0.5,
executed,"B within-subj, leave-run-out",False,81,42,0.6666666666666666,0.5045125357367691,0.8043319519634817,0.6190476190476191,0.5,
executed,"B within-subj, leave-run-out",False,83,45,0.8,0.6540417022050522,0.9042427303088574,0.6222222222222222,0.5111111111111111,
executed,"B within-subj, leave-run-out",False,86,45,0.5555555555555556,0.3999734964036788,0.7035560761341417,0.6222222222222222,0.5111111111111111,
executed,"B within-subj, leave-run-out",False,87,42,0.5476190476190477,0.38673178723787444,0.7015411868036825,0.6190476190476191,0.5,
executed,"B within-subj, leave-run-out",False,90,42,0.6190476190476191,0.4563674954978985,0.7642794531367836,0.6190476190476191,0.5,
executed,"B within-subj, leave-run-out",False,94,42,0.9285714285714286,0.8051688018435087,0.98502030832929,0.6190476190476191,0.5,
executed,"B within-subj, leave-run-out",False,96,45,0.6666666666666666,0.5104963621416386,0.799994311989305,0.6222222222222222,0.5111111111111111,
executed,"B within-subj, leave-run-out",False,102,42,0.6904761904761905,0.5291393710678833,0.8237789173580449,0.6190476190476191,0.5,
executed,"B within-subj, leave-run-out",False,103,45,0.6,0.4433135124790022,0.7430241048073687,0.6222222222222222,0.5111111111111111,
executed,"B within-subj, leave-run-out",False,105,42,0.9761904761904762,0.8743414428250078,0.9993973766983965,0.6190476190476191,0.5,
executed,"B within-subj, leave-run-out",False,106,45,0.7111111111111111,0.5568547229147682,0.8363374395543188,0.6222222222222222,0.5111111111111111,
executed,"B within-subj, leave-run-out",False,109,42,0.5238095238095238,0.3641779709213327,0.6799594911397739,0.6190476190476191,0.5,
