subject,run,trial,y,score,correct
1,4,0,1,1.3584210769022125,1
1,4,1,0,-0.14560892428658656,1
1,4,2,0,-0.8242961112072749,1
1,4,3,1,0.7317161345715868,1
1,4,4,1,0.004843472027818763,1
1,4,5,0,-1.4976064301708423,1
1,4,6,1,0.8491075814330644,1
1,4,7,0,-0.8462805767143489,1
1,4,8,1,0.6750183999887582,1
1,4,9,0,-0.2682515080023653,1
1,4,10,0,-0.746332133005779,1
1,4,11,1,1.0976594261688186,1
1,4,12,0,-1.428858601167364,1
1,4,13,1,1.5907804642044612,1
1,4,14,0,-1.8119688023182408,1
1,8,0,0,0.2391429704522019,0
1,8,1,1,0.7299581327683518,1
1,8,2,0,0.5691673863441906,0
1,8,3,1,0.13503508664490704,1
1,8,4,0,-0.8084920156387243,1
1,8,5,1,0.3843831900327248,1
1,8,6,0,-0.05776405291521147,1
1,8,7,1,0.5479579873599043,1
1,8,8,1,-0.03247445782932967,0
1,8,9,0,0.06033099068827985,0
1,8,10,0,-0.1955511710670157,1
1,8,11,1,1.6794021198756655,1
1,8,12,1,1.2148137671979664,1
1,8,13,0,0.3528356535668338,0
1,8,14,0,-0.08412716622774052,1
1,12,0,1,0.4887172923135257,1
1,12,1,0,-0.2075128234654704,1
1,12,2,1,-0.1286520951225314,0
1,12,3,0,0.25929071173567353,0
1,12,4,0,0.24375473696543626,0
1,12,5,1,2.3942276782586873,1
1,12,6,1,1.0633589600267368,1
1,12,7,0,-0.7155928000817731,1
1,12,8,0,-4.009768817344277,1
1,12,9,1,2.0879882997448487,1
1,12,10,1,-0.5937082026483271,0
1,12,11,0,-2.7584951562390376,1
1,12,12,1,1.8483959029995098,1
1,12,13,0,0.3041099159668068,0
1,12,14,1,-0.2157537208166982,0
2,4,0,0,-0.4062333483519396,1
2,4,1,1,1.6243589553997149,1
2,4,2,0,-1.8088383019226018,1
2,4,3,1,1.4823871311121302,1
2,4,4,0,-2.2356472809520014,1
2,4,5,1,3.5942690222018623,1
2,4,6,1,2.1944204505832543,1
2,4,7,0,-1.0023652221432144,1
2,4,8,1,1.7548700951675178,1
2,4,9,0,-0.08315983645940328,1
2,4,10,1,1.4572720455483488,1
2,4,11,0,-0.42248832666702185,1
2,4,12,1,1.156108400088585,1
2,4,13,0,-0.7936729425162519,1
2,8,0,0,-1.7331925748048511,1
2,8,1,1,2.44922263908141,1
2,8,2,1,2.828083153883428,1
2,8,3,0,0.25371200968401286,0
2,8,4,1,1.5663309032980481,1
2,8,5,0,0.35218384104585665,0
2,8,6,1,2.643052666895872,1
2,8,7,0,0.6573803318181706,0
2,8,8,1,2.4144251746120533,1
2,8,9,0,-0.627277965494853,1
2,8,10,1,2.2250079194809507,1
2,8,11,0,-2.684653118954492,1
2,8,12,0,-0.3681770461564211,1
2,8,13,1,1.1556212942364503,1
2,12,0,0,-1.6198467158515404,1
2,12,1,1,0.8997918401753298,1
2,12,2,1,-0.0647764474545216,0
2,12,3,0,-0.07432951991406256,1
2,12,4,1,3.060374766352803,1
2,12,5,0,-2.3141370199491327,1
2,12,6,0,-2.6052994531848612,1
2,12,7,1,-1.0273541982753207,0
2,12,8,1,2.140248121463319,1
2,12,9,0,-2.603782239648763,1
2,12,10,1,-2.9590567397571665,0
2,12,11,0,-2.457841217121363,1
2,12,12,0,-0.4430107338498934,1
2,12,13,1,0.2333517820459594,1
4,4,0,0,-2.6865601391731433,1
4,4,1,1,0.9096761224674133,1
4,4,2,0,-0.5291065430272748,1
4,4,3,1,1.0951094080610995,1
4,4,4,0,-0.5123029720942034,1
4,4,5,1,0.5667130429346661,1
4,4,6,1,1.0681856922617836,1
4,4,7,0,0.3767353749209539,0
4,4,8,1,1.7864642596105424,1
4,4,9,0,-0.07622451984099765,1
4,4,10,0,-0.7457259322435812,1
4,4,11,1,-0.22145997517026172,0
4,4,12,1,-0.4052839605474099,0
4,4,13,0,-1.2876400300892417,1
4,8,0,0,0.6145606958427496,0
4,8,1,1,0.8176432398183362,1
4,8,2,1,0.2732826765434968,1
4,8,3,0,-0.6702481845751773,1
4,8,4,1,-0.5030719403002468,0
4,8,5,0,-1.2112874116456174,1
4,8,6,0,0.8836484380534602,0
4,8,7,1,0.5033005730136528,1
4,8,8,0,-0.14737159728570237,1
4,8,9,1,0.36559486769398264,1
4,8,10,1,-0.4016297141612668,0
4,8,11,0,-0.8269624779915279,1
4,8,12,1,1.2886452133887039,1
4,8,13,0,0.23331018967109163,0
4,12,0,0,1.2159327191761076,0
4,12,1,1,0.7346417042572351,1
4,12,2,1,-0.24813873414022858,0
4,12,3,0,-0.7316209168150618,1
4,12,4,1,-0.18637501514725052,0
4,12,5,0,-0.6722421844267783,1
4,12,6,0,-1.1488513507127853,1
4,12,7,1,-0.37923652265342067,0
4,12,8,1,0.18770159478434323,1
4,12,9,0,-1.3512723099414767,1
4,12,10,0,-1.1550645418823642,1
4,12,11,1,0.7950816434704393,1
4,12,12,1,0.7603936662556294,1
4,12,13,0,-0.26096856833719384,1
5,4,0,1,-0.6322589429783068,0
5,4,1,0,0.6159463841508241,0
5,4,2,0,-0.29871171651453654,1
5,4,3,1,-0.6313912903188141,0
5,4,4,1,-0.07801499192966777,0
5,4,5,0,-0.13580257814627572,1
5,4,6,0,0.5228960080500293,0
5,4,7,1,0.017324008875187147,1
5,4,8,0,0.5795014980348756,0
5,4,9,1,-0.41423563874377844,0
5,4,10,1,-0.6684251767502869,0
5,4,11,0,0.6911113191698783,0
5,4,12,0,0.06962772091224334,0
5,4,13,1,0.3021761741912923,1
5,8,0,1,-0.45828071814532834,0
5,8,1,0,0.5339023969578491,0
5,8,2,1,-0.5203987826384284,0
5,8,3,0,-0.7576576768936194,1
5,8,4,0,-0.04866100981773602,1
5,8,5,1,0.47870204204750255,1
5,8,6,1,-0.8590883738746484,0
5,8,7,0,-0.25450575671367215,1
5,8,8,0,0.2920533831155825,0
5,8,9,1,-0.3685862280489909,0
5,8,10,0,-0.10008190386378946,1
5,8,11,1,-0.7001980845152664,0
5,8,12,1,-0.025031919553583748,0
5,8,13,0,-1.2856412011984455,1
5,12,0,0,0.9623602883896485,0
5,12,1,1,1.0370796369694242,1
5,12,2,0,0.008081375984295036,0
5,12,3,1,-0.029385916545493718,0
5,12,4,0,0.1948374261765169,0
5,12,5,1,0.3521326984237785,1
5,12,6,0,0.17139421171357494,0
5,12,7,1,-0.4816366264691969,0
5,12,8,1,-0.3422611416633563,0
5,12,9,0,-0.14155857662934412,1
5,12,10,1,0.9349983475659691,1
5,12,11,0,0.5432321851848121,0
5,12,12,1,-0.05538294114627451,0
5,12,13,0,0.2551046470809113,0
6,4,0,0,-0.5087792501427231,1
6,4,1,1,0.09161488030501896,1
6,4,2,1,-0.060361113842503755,0
6,4,3,0,0.18509699930321055,0
6,4,4,0,-0.042824394366233864,1
6,4,5,1,0.04547563126852783,1
6,4,6,1,0.20049980033071924,1
6,4,7,0,0.45211780054652984,0
6,4,8,0,0.21063710526577406,0
6,4,9,1,0.38075234662850965,1
6,4,10,0,0.006148456744770492,0
6,4,11,1,0.10750478595490343,1
6,4,12,1,0.37906841223692744,1
6,4,13,0,0.22946041330128164,0
6,8,0,0,0.11471037940382667,0
6,8,1,1,-0.23803233439566895,0
6,8,2,0,-0.050583421705258313,1
6,8,3,1,-0.9790231494722645,0
6,8,4,0,0.10650850359689334,0
6,8,5,1,-1.636354010163176,0
6,8,6,0,-0.4701968858826331,1
6,8,7,1,-1.0075295512268678,0
6,8,8,0,-1.0470226216125451,1
6,8,9,1,1.073948813748581,1
6,8,10,1,1.1087834238031347,1
6,8,11,0,-0.06972449279918624,1
6,8,12,1,-0.14156569095792948,0
6,8,13,0,-0.45839979325305347,1
6,12,0,0,-0.005036829545041588,1
6,12,1,1,-0.2964575360241275,0
6,12,2,0,0.17151563343925602,0
6,12,3,1,0.07220176534140865,1
6,12,4,1,1.225448443304952,1
6,12,5,0,-0.35766159199368364,1
6,12,6,1,-1.3396515087014482,0
6,12,7,0,1.0904935041971067,0
6,12,8,1,0.9927203735242998,1
6,12,9,0,0.09428812766732797,0
6,12,10,1,0.167930187767098,1
6,12,11,0,-0.3506200147222671,1
6,12,12,0,-1.4570385525065517,1
6,12,13,1,0.1829761122675877,1
7,4,0,0,-0.7554166091774897,1
7,4,1,1,0.8383936846685511,1
7,4,2,1,0.8718128997808896,1
7,4,3,0,-2.409795336326108,1
7,4,4,1,0.7755994609475105,1
7,4,5,0,-1.5482931270668063,1
7,4,6,0,-1.2554542237277047,1
7,4,7,1,1.2338454621431936,1
7,4,8,1,0.9321840463105904,1
7,4,9,0,-1.1569497612008786,1
7,4,10,0,-1.6998959247907373,1
7,4,11,1,0.5335820691465649,1
7,4,12,0,-1.964884044281602,1
7,4,13,1,0.5685863628145369,1
7,4,14,0,-1.6493170858797688,1
7,8,0,0,-2.5338737535251497,1
7,8,1,1,0.7665147744249716,1
7,8,2,0,-2.498131339382154,1
7,8,3,1,2.6268192712899188,1
7,8,4,1,2.638547229544896,1
7,8,5,0,-0.3687805315854753,1
7,8,6,0,-2.0289291699854095,1
7,8,7,1,1.3260559054874257,1
7,8,8,1,2.498192785642927,1
7,8,9,0,-2.1065343092319493,1
7,8,10,1,2.4464622041848036,1
7,8,11,0,-1.6600856353462894,1
7,8,12,0,-0.8171400678776226,1
7,8,13,1,2.526573016187667,1
7,8,14,0,-2.5571011568255853,1
7,12,0,0,-0.6263864425998849,1
7,12,1,1,2.092996247859137,1
7,12,2,0,-1.4441767896043476,1
7,12,3,1,2.1437307821681575,1
7,12,4,1,1.7535049760396486,1
7,12,5,0,-1.6274634924996167,1
7,12,6,1,3.85151870836916,1
7,12,7,0,-2.187843636694282,1
7,12,8,0,-1.3275595046944961,1
7,12,9,1,2.978917018338656,1
7,12,10,0,-2.5295646759298336,1
7,12,11,1,2.8809742566941097,1
7,12,12,0,-1.9237049992909772,1
7,12,13,1,2.3532630999144253,1
7,12,14,1,2.4049647588339926,1
8,4,0,0,0.12082755374885634,0
8,4,1,1,-0.808105665277234,0
8,4,2,0,-0.2621173503125789,1
8,4,3,1,0.16524580760820484,1
8,4,4,1,-0.4703311559836143,0
8,4,5,0,-0.3989120031838147,1
8,4,6,0,0.7563872454960543,0
8,4,7,1,0.15999390780941702,1
8,4,8,1,-0.3252750607649424,0
8,4,9,0,0.1315211470503348,0
8,4,10,1,-0.1198580668900826,0
8,4,11,0,-0.6948072037924211,1
8,4,12,1,0.20435478823234465,1
8,4,13,0,-0.09981964479191907,1
8,8,0,0,-0.49888220643392645,1
8,8,1,1,0.2170930949137606,1
8,8,2,1,0.3548724272413013,1
8,8,3,0,0.7476345002951046,0
8,8,4,1,0.7413437671048628,1
8,8,5,0,-0.40586374795474,1
8,8,6,0,0.0769967982810904,0
8,8,7,1,0.03450019626068812,1
8,8,8,0,0.11332312361799923,0
8,8,9,1,2.1658228291472943,1
8,8,10,0,-1.972754717184892,1
8,8,11,1,1.3985364227637405,1
8,8,12,0,-1.778720864455433,1
8,8,13,1,1.817227869164494,1
8,12,0,1,-0.16674933183217888,0
8,12,1,0,-0.7120164072364206,1
8,12,2,0,-0.7618031839461019,1
8,12,3,1,-1.0109503588338498,0
8,12,4,0,0.44965862168363424,0
8,12,5,1,0.12446582530917638,1
8,12,6,1,-0.5501695098494981,0
8,12,7,0,-0.06319702007638384,1
8,12,8,1,-0.138292032056325,0
8,12,9,0,-0.8560061616526737,1
8,12,10,0,0.011393077833384169,0
8,12,11,1,-0.787011283939363,0
8,12,12,0,-0.7261885062572864,1
8,12,13,1,0.3457554945342878,1
9,4,0,1,-1.1954556828792955,0
9,4,1,0,-0.052876778841004946,1
9,4,2,0,-0.13842145750083956,1
9,4,3,1,-0.3634356025406382,0
9,4,4,0,-0.5057334264423958,1
9,4,5,1,-1.032914595345485,0
9,4,6,1,-0.31137645761502064,0
9,4,7,0,-0.03597101974570682,1
9,4,8,1,-0.41044980764061023,0
9,4,9,0,-0.5090110045254224,1
9,4,10,0,-0.5216276275153016,1
9,4,11,1,-1.1769463226851835,0
9,4,12,0,-0.42257536441074484,1
9,4,13,1,-0.9257205210529311,0
9,8,0,1,1.505417575463679,1
9,8,1,0,1.0365922842953723,0
9,8,2,0,0.3848279487001891,0
9,8,3,1,0.2145875082570825,1
9,8,4,1,0.3432118349790372,1
9,8,5,0,0.1274480471586652,0
9,8,6,1,0.7145961584535043,1
9,8,7,0,0.8694597128669361,0
9,8,8,1,-0.24130515796959084,0
9,8,9,0,0.45833935391955993,0
9,8,10,1,0.09813989575104332,1
9,8,11,0,-0.4748540146688387,1
9,8,12,0,-0.10912543083335002,1
9,8,13,1,-0.06864168776516699,0
9,12,0,1,0.4625352572194168,1
9,12,1,0,0.12103181752775294,0
9,12,2,0,0.1196607879853846,0
9,12,3,1,0.8935042502922319,1
9,12,4,0,0.06614686268009518,0
9,12,5,1,0.5575949399115294,1
9,12,6,1,-1.2125732863481722,0
9,12,7,0,0.5183865281566091,0
9,12,8,0,-0.48292894936389663,1
9,12,9,1,-0.36934880585299057,0
9,12,10,0,-0.24518247281235173,1
9,12,11,1,-0.09176126150744857,0
9,12,12,0,-0.6299962425756211,1
9,12,13,1,0.7464523151356248,1
10,4,0,0,-0.8537363110006306,1
10,4,1,1,-0.23435893462234114,0
10,4,2,0,-0.6334787534397255,1
10,4,3,1,-0.5766676874654237,0
10,4,4,0,-0.39422041328509305,1
10,4,5,1,2.5485723421693933,1
10,4,6,1,-0.13884320697947317,0
10,4,7,0,-0.8755512991854668,1
10,4,8,1,-0.9981949132431347,0
10,4,9,0,-1.1943542466553287,1
10,4,10,1,0.2806654433827567,1
10,4,11,0,-1.9722778513274406,1
10,4,12,1,-0.3786149138219175,0
10,4,13,0,-1.1883282644583528,1
10,8,0,1,-0.44414235712311356,0
10,8,1,0,-0.2505165259910638,1
10,8,2,0,-1.498194135457469,1
10,8,3,1,1.9967367852638178,1
10,8,4,1,1.5167194721348984,1
10,8,5,0,0.8441204562358404,0
10,8,6,1,1.004070638148939,1
10,8,7,0,-0.32839548741779145,1
10,8,8,1,-0.16071916519771445,0
10,8,9,0,-0.5667707290688604,1
10,8,10,1,0.08633993494571524,1
10,8,11,0,-1.8890369934433069,1
10,8,12,0,-1.4749883277698166,1
10,8,13,1,2.495938803817822,1
10,12,0,0,0.16987766260638715,0
10,12,1,1,0.07530685483557242,1
10,12,2,1,0.613699074924873,1
10,12,3,0,-0.3381908194447987,1
10,12,4,1,0.41110384950095025,1
10,12,5,0,0.6435969482876178,0
10,12,6,0,0.8760084784446716,0
10,12,7,1,-0.03652292572280169,0
10,12,8,0,-0.3550991620202062,1
10,12,9,1,0.7204738001340232,1
10,12,10,0,0.7337822574104051,0
10,12,11,1,1.6760141488945894,1
10,12,12,1,-0.6630683102898924,0
10,12,13,0,0.35872815096116195,0
13,4,0,1,0.5443231015918792,1
13,4,1,0,-1.4151476510287526,1
13,4,2,1,1.1899257125032876,1
13,4,3,0,-0.7152588474413184,1
13,4,4,0,-0.16206675931837067,1
13,4,5,1,0.7420663856804768,1
13,4,6,0,-1.3186809747272654,1
13,4,7,1,1.0248858455558008,1
13,4,8,1,0.761740630500336,1
13,4,9,0,-1.1639201544797038,1
13,4,10,1,1.1045054992586625,1
13,4,11,0,-0.6919104714860254,1
13,4,12,1,-0.041453051124673124,0
13,4,13,0,-0.6316589418814802,1
13,8,0,0,-0.6697187790899184,1
13,8,1,1,0.7065733804748073,1
13,8,2,0,-1.4505177241171472,1
13,8,3,1,0.226088380363064,1
13,8,4,0,-1.0776702979612556,1
13,8,5,1,-0.2768025398980982,0
13,8,6,0,-1.0129982027427737,1
13,8,7,1,2.206649728889351,1
13,8,8,1,0.3011021698345169,1
13,8,9,0,-0.6052567883471349,1
13,8,10,1,-0.09723120036405586,0
13,8,11,0,-0.5032727755281128,1
13,8,12,0,0.4979085456840675,0
13,8,13,1,0.2590383105935157,1
13,12,0,1,0.11689971356263396,1
13,12,1,0,-1.491639882401709,1
13,12,2,0,-0.21293370818756197,1
13,12,3,1,1.0782084398774225,1
13,12,4,1,2.7246579792036094,1
13,12,5,0,-1.4063307574819508,1
13,12,6,0,0.28927005395477945,0
13,12,7,1,0.06156702678140702,1
13,12,8,1,0.9774124025029565,1
13,12,9,0,0.6977890440981982,0
13,12,10,1,-0.7677048590048767,0
13,12,11,0,-2.042180537888968,1
13,12,12,0,-0.6430852598765435,1
13,12,13,1,1.2796973298634238,1
14,4,0,0,0.551810859676686,0
14,4,1,1,0.10891817903547496,1
14,4,2,1,-0.09557424813859683,0
14,4,3,0,0.5657701498820771,0
14,4,4,0,0.14487190773605318,0
14,4,5,1,-0.4287123721098398,0
14,4,6,1,0.7854797332407686,1
14,4,7,0,0.517129547867544,0
14,4,8,0,0.6896222277897168,0
14,4,9,1,-0.028827063213650028,0
14,4,10,0,-0.2876803762363149,1
14,4,11,1,0.5724736100053951,1
14,4,12,0,0.016272560559334348,0
14,4,13,1,0.13200455417315915,1
14,8,0,0,0.05446992485047186,0
14,8,1,1,0.7080971051809328,1
14,8,2,0,-0.36185406007106113,1
14,8,3,1,-0.20473459683902417,0
14,8,4,0,-0.7374571168825033,1
14,8,5,1,0.9130506432137295,1
14,8,6,1,0.016898281835786122,1
14,8,7,0,-1.2533676931070685,1
14,8,8,0,-1.1659418713611192,1
14,8,9,1,0.7699674786260213,1
14,8,10,0,-0.4248113697130238,1
14,8,11,1,-1.1475546070184421,0
14,8,12,0,-0.22241563331840686,1
14,8,13,1,-0.47490444383509045,0
14,12,0,1,-1.6092969921859797,0
14,12,1,0,-1.0608518782248892,1
14,12,2,0,0.6211004701167999,0
14,12,3,1,0.9596812260018344,1
14,12,4,0,-0.450373312231517,1
14,12,5,1,0.6118120871667339,1
14,12,6,0,-2.4808196118126027,1
14,12,7,1,1.3196964628175651,1
14,12,8,0,-1.2282049342177717,1
14,12,9,1,0.6553587110092765,1
14,12,10,0,-0.8718164975064999,1
14,12,11,1,0.6238890314459482,1
14,12,12,0,-0.2330529109789472,1
14,12,13,1,1.7110402700462881,1
19,4,0,1,-0.011630325382151696,0
19,4,1,0,0.17175621977511923,0
19,4,2,0,-0.1412803209600959,1
19,4,3,1,0.47673157214240014,1
19,4,4,0,-0.9117168901224071,1
19,4,5,1,1.9254355785636967,1
19,4,6,1,0.884717437886211,1
19,4,7,0,-0.5488087580041787,1
19,4,8,1,0.31372024223050676,1
19,4,9,0,0.12164227924665116,0
19,4,10,1,2.07328105930039,1
19,4,11,0,-1.818239470153001,1
19,4,12,1,0.08417787736919413,1
19,4,13,0,-1.4775161321114072,1
19,8,0,1,-0.08152385698657394,0
19,8,1,0,0.19610198398342948,0
19,8,2,1,0.394673301599493,1
19,8,3,0,-1.214591884750685,1
19,8,4,0,-1.4278172082468432,1
19,8,5,1,0.08411136989743939,1
19,8,6,1,0.7579364611543564,1
19,8,7,0,-0.7901360702599494,1
19,8,8,1,0.8537129707540805,1
19,8,9,0,-1.0460792672506967,1
19,8,10,0,-2.358387518840879,1
19,8,11,1,-0.3585592858619493,0
19,8,12,0,-0.5925509038953076,1
19,8,13,1,0.25372364786121526,1
19,12,0,0,0.28180625938353554,0
19,12,1,1,0.9149186872587949,1
19,12,2,0,-0.8732039757777472,1
19,12,3,1,0.45377168692245373,1
19,12,4,1,1.6660280060237138,1
19,12,5,0,-0.03396158703363161,1
19,12,6,1,0.1311862781916977,1
19,12,7,0,-0.24274464029490028,1
19,12,8,1,1.2914836605400746,1
19,12,9,0,0.22052819085392317,0
19,12,10,0,0.11453747612159537,0
19,12,11,1,0.08234925401058035,1
19,12,12,0,-0.3215174988880989,1
19,12,13,1,-0.884971871125918,0
20,4,0,0,-0.31293058746245794,1
20,4,1,1,0.7195582046939419,1
20,4,2,1,0.055853630612993754,1
20,4,3,0,-0.21865066314442672,1
20,4,4,1,0.3765675378819102,1
20,4,5,0,0.30821372930306534,0
20,4,6,0,-0.12020712847717041,1
20,4,7,1,0.868673376392898,1
20,4,8,0,0.772770606286969,0
20,4,9,1,0.14635423032680706,1
20,4,10,1,-0.32191452075090154,0
20,4,11,0,-0.086575581791001,1
20,4,12,1,-0.07439068318630504,0
20,4,13,0,-1.2112628845035702,1
20,8,0,1,0.19958655711420326,1
20,8,1,0,-0.8336567003040047,1
20,8,2,1,0.6407270226776327,1
20,8,3,0,-1.1921797531935008,1
20,8,4,0,-0.81481438840456,1
20,8,5,1,0.7214944323523809,1
20,8,6,0,-0.4615878593328655,1
20,8,7,1,-0.524828544747348,0
20,8,8,0,0.10577427412215012,0
20,8,9,1,-1.4229384360947754,0
20,8,10,1,-0.45396982473742886,0
20,8,11,0,-0.7428568420434791,1
20,8,12,1,0.24293149841311434,1
20,8,13,0,-0.6121365905575069,1
20,12,0,1,0.07691595965450881,1
20,12,1,0,-1.0690729797832088,1
20,12,2,1,1.0667236610943513,1
20,12,3,0,-0.7709096294281668,1
20,12,4,1,0.02266334704217421,1
20,12,5,0,0.19381576271337853,0
20,12,6,0,0.46653982820590745,0
20,12,7,1,1.2514334017757847,1
20,12,8,0,0.2722038646778193,0
20,12,9,1,-0.4968677005861908,0
20,12,10,1,0.19574183626768482,1
20,12,11,0,-0.05800984655641672,1
20,12,12,1,0.004643021133620806,1
20,12,13,0,0.18553891756198082,0
22,4,0,0,0.511554393648173,0
22,4,1,1,0.02403862123561762,1
22,4,2,0,-0.026832436149338168,1
22,4,3,1,-0.3065465659774782,0
22,4,4,1,0.07074419987815572,1
22,4,5,0,-0.09956986939251422,1
22,4,6,1,0.014696135958838674,1
22,4,7,0,0.22629953504547018,0
22,4,8,0,0.3758961637716296,0
22,4,9,1,0.3920908295447738,1
22,4,10,0,0.12954194294027177,0
22,4,11,1,-0.18391986269299831,0
22,4,12,1,0.520470718448967,1
22,4,13,0,-0.37564705611509686,1
22,4,14,1,0.45273110207347544,1
22,8,0,0,0.12850153578058165,0
22,8,1,1,-0.2932788419722616,0
22,8,2,0,-0.6505932398895529,1
22,8,3,1,-0.0064211187506519884,0
22,8,4,0,-0.06187332605522178,1
22,8,5,1,-0.33837853909232063,0
22,8,6,1,0.7326472442240703,1
22,8,7,0,-0.5095403218735286,1
22,8,8,0,-0.32230190198435515,1
22,8,9,1,-0.27347635253426494,0
22,8,10,0,-0.23381483620524746,1
22,8,11,1,-0.6068142010602298,0
22,8,12,0,-0.947705289868801,1
22,8,13,1,0.023041659665616443,1
22,8,14,0,-0.1595149872719852,1
22,12,0,0,-0.12252645396647521,1
22,12,1,1,-0.008241069821964153,0
22,12,2,0,-0.7727441448661159,1
22,12,3,1,0.4148874498768418,1
22,12,4,0,-0.03587823424040337,1
22,12,5,1,-0.0688781610366549,0
22,12,6,0,-0.3593511469799022,1
22,12,7,1,-0.7863353073668387,0
22,12,8,0,-0.8352956499232325,1
22,12,9,1,2.7957479795944202,1
22,12,10,0,-0.6239583016672285,1
22,12,11,1,0.4994165862024085,1
22,12,12,1,-0.11394099272754321,0
22,12,13,0,-1.0580504062201588,1
22,12,14,1,0.5007767990191967,1
25,4,0,1,-0.6615559246650478,0
25,4,1,0,-0.57668046933536,1
25,4,2,1,-0.1980237199256969,0
25,4,3,0,-0.4102127208790436,1
25,4,4,1,0.6984438771518775,1
25,4,5,0,-0.6219914053853794,1
25,4,6,1,-0.2190184973923266,0
25,4,7,0,-0.22602613853656717,1
25,4,8,1,-0.5026039581381436,0
25,4,9,0,-0.10553501057203363,1
25,4,10,1,0.054999821638874735,1
25,4,11,0,-0.7746168438005192,1
25,4,12,0,-0.12202511439026775,1
25,4,13,1,0.27603316447417514,1
25,8,0,0,-0.2190110237953493,1
25,8,1,1,-0.11102010708843713,0
25,8,2,1,1.354165536543575,1
25,8,3,0,-0.6991434609877958,1
25,8,4,0,-0.18671373543950676,1
25,8,5,1,0.49596898206880846,1
25,8,6,1,-0.03140765135474899,0
25,8,7,0,-0.7485649764351219,1
25,8,8,0,-0.4207297192809838,1
25,8,9,1,0.7006827525960126,1
25,8,10,0,-0.4177204099583527,1
25,8,11,1,0.22421855282846392,1
25,8,12,1,0.7995992062111155,1
25,8,13,0,-1.0707370508394214,1
25,12,0,1,0.7448790225893092,1
25,12,1,0,-0.4986757036299272,1
25,12,2,0,-0.5428183103965165,1
25,12,3,1,0.5819190344052103,1
25,12,4,0,-0.030531349143541497,1
25,12,5,1,0.3831177549686795,1
25,12,6,1,0.5783406838362284,1
25,12,7,0,-0.43440771735692607,1
25,12,8,1,0.4086873731569205,1
25,12,9,0,0.18397062469604286,0
25,12,10,1,1.280215772024481,1
25,12,11,0,-0.9661651523803934,1
25,12,12,0,-0.5488773482040425,1
25,12,13,1,-0.5007446205902517,0
26,4,0,1,4.614852927027749,1
26,4,1,0,0.2868913094894383,0
26,4,2,1,0.8160768924709734,1
26,4,3,0,0.5825964047090793,0
26,4,4,1,1.9111330542217226,1
26,4,5,0,1.7717418405275325,0
26,4,6,0,1.2165182188916726,0
26,4,7,1,0.5391558179551508,1
26,4,8,0,0.41463608637348237,0
26,4,9,1,1.5108072081303714,1
26,4,10,0,0.6823491120627971,0
26,4,11,1,0.8618862912027572,1
26,4,12,1,1.9370822601931659,1
26,4,13,0,-1.1510254694063675,1
26,8,0,0,-0.7694770063681142,1
26,8,1,1,0.471044353404503,1
26,8,2,0,-1.0789883087980319,1
26,8,3,1,-0.3515461506721782,0
26,8,4,1,-0.719332958868308,0
26,8,5,0,-3.2625326505164516,1
26,8,6,1,-0.5384119040952773,0
26,8,7,0,-2.510000185830746,1
26,8,8,1,0.25267248480730675,1
26,8,9,0,-2.2178780530887687,1
26,8,10,1,0.7196151871494312,1
26,8,11,0,-1.8270941412701323,1
26,8,12,1,-0.4165584166402594,0
26,8,13,0,-2.199211606509932,1
26,12,0,0,-1.071476671809475,1
26,12,1,1,-0.05061404886710674,0
26,12,2,1,-0.9198193792935223,0
26,12,3,0,-2.1381449077438064,1
26,12,4,1,0.038333083605365914,1
26,12,5,0,-2.2657630588254474,1
26,12,6,0,-1.1376321113220758,1
26,12,7,1,1.0104081932424753,1
26,12,8,0,-1.4935370379092217,1
26,12,9,1,0.38315439976856336,1
26,12,10,0,-0.8331273899611165,1
26,12,11,1,-0.0860544603524045,0
26,12,12,0,-1.2921223572367952,1
26,12,13,1,-0.22774774998404546,0
27,4,0,0,-1.881581330181131,1
27,4,1,1,0.7601134433787387,1
27,4,2,0,0.19794320454825476,0
27,4,3,1,0.780106422505634,1
27,4,4,1,0.3761387202611104,1
27,4,5,0,0.1829847587373883,0
27,4,6,1,4.431666520458553,1
27,4,7,0,-0.9364447448450322,1
27,4,8,0,0.09798416723578285,0
27,4,9,1,-0.19054846805207237,0
27,4,10,0,0.1677727339531634,0
27,4,11,1,0.8541737373601062,1
27,4,12,1,1.4609912295525849,1
27,4,13,0,-1.3735043411027674,1
27,8,0,0,-0.2116346636382742,1
27,8,1,1,0.5096895463612312,1
27,8,2,1,-0.5672967899907588,0
27,8,3,0,0.2589609116767635,0
27,8,4,1,0.4612753896031183,1
27,8,5,0,0.24630052950639403,0
27,8,6,0,-0.03182158352219311,1
27,8,7,1,-1.085816056906751,0
27,8,8,1,-0.9990771689156446,0
27,8,9,0,-0.6959409638476184,1
27,8,10,1,-0.8842721885146485,0
27,8,11,0,-1.041885865639658,1
27,8,12,0,-0.0005630845277075913,1
27,8,13,1,0.09005905528436431,1
27,12,0,0,0.6994269255244849,0
27,12,1,1,0.35224325427573344,1
27,12,2,0,-0.2697248577172888,1
27,12,3,1,-0.3615045408351918,0
27,12,4,0,-0.8786013414869143,1
27,12,5,1,1.363449645513497,1
27,12,6,0,0.9985018613349883,0
27,12,7,1,-1.2844776173257455,0
27,12,8,1,0.15727824655385536,1
27,12,9,0,0.8665991530204544,0
27,12,10,0,-0.29327820860656306,1
27,12,11,1,-2.6860188428438905,0
27,12,12,0,-1.1791469740842837,1
27,12,13,1,0.4521922820203068,1
30,4,0,1,0.0940141494831992,1
30,4,1,0,0.2753514661219958,0
30,4,2,0,-0.01968739839347089,1
30,4,3,1,0.8108010205882525,1
30,4,4,1,1.202121398715705,1
30,4,5,0,-0.07288935680410624,1
30,4,6,0,-0.8407074703661774,1
30,4,7,1,0.07470828725366774,1
30,4,8,0,-0.16470992118191807,1
30,4,9,1,0.15860323014057487,1
30,4,10,0,0.2490515824367847,0
30,4,11,1,0.12726770856331004,1
30,4,12,1,0.006411294678734691,1
30,4,13,0,-0.8766844290491445,1
30,4,14,0,-0.16973661166989196,1
30,8,0,0,-0.06612453529590834,1
30,8,1,1,0.5522378277788085,1
30,8,2,1,-0.11293445441350913,0
30,8,3,0,0.10625512144048255,0
30,8,4,0,0.5934696641680342,0
30,8,5,1,0.29235586929748925,1
30,8,6,0,0.30982157658886367,0
30,8,7,1,-0.24857976394612225,0
30,8,8,1,-2.2129640389767755,0
30,8,9,0,0.3327104359353079,0
30,8,10,1,0.5120855376483946,1
30,8,11,0,-0.45215256044375884,1
30,8,12,1,-0.5712870066646909,0
30,8,13,0,-1.5972875614265674,1
30,8,14,0,-0.6462568632653172,1
30,12,0,1,0.3715722089307256,1
30,12,1,0,-1.212750685102443,1
30,12,2,1,1.902673549706618,1
30,12,3,0,-0.6250042215734659,1
30,12,4,0,-0.8788143327591043,1
30,12,5,1,0.2734007498947797,1
30,12,6,1,2.9229927052151954,1
30,12,7,0,-1.0551049741499878,1
30,12,8,0,-0.08616443057534795,1
30,12,9,1,2.1237581042017704,1
30,12,10,0,-0.6276268532531755,1
30,12,11,1,0.12770071291560203,1
30,12,12,1,-0.2364476303461167,0
30,12,13,0,-2.8729556012032105,1
30,12,14,0,-1.2360018600228717,1
31,4,0,0,-0.5070128518657242,1
31,4,1,1,1.831104708858481,1
31,4,2,1,2.786094626270623,1
31,4,3,0,-0.9477216585852168,1
31,4,4,0,-0.8077129110985224,1
31,4,5,1,-0.9070416643529977,0
31,4,6,1,2.158995089194214,1
31,4,7,0,-1.148022966848803,1
31,4,8,1,1.1805661360704645,1
31,4,9,0,-1.5069552042823005,1
31,4,10,1,1.8772313218448913,1
31,4,11,0,-1.2704127842204416,1
31,4,12,1,0.41432677742321644,1
31,4,13,0,0.005689449225580567,0
31,8,0,1,2.6922890678535207,1
31,8,1,0,-0.12479107094500552,1
31,8,2,1,1.1182677405098298,1
31,8,3,0,-1.0806387079247024,1
31,8,4,1,1.975071038758701,1
31,8,5,0,0.1553350453778748,0
31,8,6,1,2.1812102051652094,1
31,8,7,0,-1.4983783936505917,1
31,8,8,1,-0.6347272587746517,0
31,8,9,0,-1.8541960540077225,1
31,8,10,0,-2.297787229222541,1
31,8,11,1,1.513946977674598,1
31,8,12,0,-1.739601086327777,1
31,8,13,1,0.6572352271958324,1
31,12,0,1,1.196608068588069,1
31,12,1,0,-0.06828748573853494,1
31,12,2,0,-1.415349593998466,1
31,12,3,1,2.469413339351836,1
31,12,4,1,1.838325239705953,1
31,12,5,0,-1.7109067163150282,1
31,12,6,0,-1.9729139596859433,1
31,12,7,1,2.0952112464065387,1
31,12,8,1,0.9119221250264689,1
31,12,9,0,-1.463199363198001,1
31,12,10,1,0.9034117474068362,1
31,12,11,0,-1.2321882180585,1
31,12,12,1,-0.8697507993423201,0
31,12,13,0,-1.1301357612838072,1
32,4,0,1,-0.10104809597808195,0
32,4,1,0,-0.8959270284419263,1
32,4,2,1,0.5416306553295565,1
32,4,3,0,-0.7988528880910484,1
32,4,4,0,-1.0095127433625157,1
32,4,5,1,0.9364537391526109,1
32,4,6,0,-0.5347554808092796,1
32,4,7,1,1.2609447474087738,1
32,4,8,1,1.8685918523270546,1
32,4,9,0,-1.046473552395048,1
32,4,10,0,-0.33956584133115975,1
32,4,11,1,0.5447702275441371,1
32,4,12,1,0.5325949024949876,1
32,4,13,0,1.6385487768336695,0
32,4,14,1,1.197230833680858,1
32,8,0,0,-1.6245300384423216,1
32,8,1,1,-0.08520769868762468,0
32,8,2,1,0.29583068996018547,1
32,8,3,0,-0.6743517839422033,1
32,8,4,0,-1.2603968322439623,1
32,8,5,1,0.8687165821058365,1
32,8,6,0,-0.4883407390044301,1
32,8,7,1,0.7876989871768036,1
32,8,8,0,-1.2587688388685014,1
32,8,9,1,1.406940535281315,1
32,8,10,1,0.8598051164822738,1
32,8,11,0,-1.1566627741178184,1
32,8,12,1,0.2020697326812142,1
32,8,13,0,-0.5600758733719182,1
32,8,14,1,1.3112867027464787,1
32,12,0,0,-2.2216390737120504,1
32,12,1,1,0.3712190787610239,1
32,12,2,1,0.3676612281529117,1
32,12,3,0,-2.2976399442154527,1
32,12,4,0,-1.0507946339097327,1
32,12,5,1,0.6465708749765176,1
32,12,6,1,0.9350319295321685,1
32,12,7,0,-1.5676687599914598,1
32,12,8,0,-1.273140877056651,1
32,12,9,1,1.0641291462087272,1
32,12,10,0,-1.3235008928538845,1
32,12,11,1,0.7633352449100719,1
32,12,12,0,-2.6654640202931805,1
32,12,13,1,0.6870217980835278,1
32,12,14,1,1.9598023365667885,1
33,4,0,0,-0.19979936710906188,1
33,4,1,1,-0.9112849659827269,0
33,4,2,1,0.31320194724232353,1
33,4,3,0,-1.8954559950269716,1
33,4,4,1,0.06758797754455248,1
33,4,5,0,0.2293980013372976,0
33,4,6,1,1.110446332840712,1
33,4,7,0,-0.38655752382301367,1
33,4,8,0,-3.7732603308300026,1
33,4,9,1,-0.7182959615114592,0
33,4,10,1,0.2975896799864204,1
33,4,11,0,-1.8711468452880986,1
33,4,12,1,6.316815246444836,1
33,4,13,0,-0.0695307714989708,1
33,8,0,1,-0.3919116356782695,0
33,8,1,0,0.041714868691121954,0
33,8,2,0,-0.32836826508561057,1
33,8,3,1,-0.28903583952576595,0
33,8,4,1,-0.7769957385855149,0
33,8,5,0,-0.6102117565291807,1
33,8,6,0,-3.1329643986083378,1
33,8,7,1,-0.2689823573537997,0
33,8,8,1,1.2275504002051658,1
33,8,9,0,-1.3810972050822385,1
33,8,10,1,0.8221298025110553,1
33,8,11,0,-3.3475843138636447,1
33,8,12,1,0.193094746498502,1
33,8,13,0,0.24551475590818006,0
33,12,0,0,-0.07724202560805571,1
33,12,1,1,1.29952562018598,1
33,12,2,1,1.438733175608121,1
33,12,3,0,-1.785624924928944,1
33,12,4,0,-0.3397986966490181,1
33,12,5,1,2.704927403137839,1
33,12,6,0,-2.865261591521488,1
33,12,7,1,3.8692743042609585,1
33,12,8,0,-1.2047957922286787,1
33,12,9,1,3.405422453611127,1
33,12,10,0,-2.5218147099968355,1
33,12,11,1,-0.04815539202292429,0
33,12,12,0,-1.9096240047464097,1
33,12,13,1,3.872601883059394,1
35,4,0,0,-0.3289898630018073,1
35,4,1,1,2.140370481739902,1
35,4,2,1,1.5383535562407813,1
35,4,3,0,-0.3058856501768803,1
35,4,4,1,0.948752679806427,1
35,4,5,0,-0.9612427541539812,1
35,4,6,1,3.5169667485483,1
35,4,7,0,-1.8158517516005181,1
35,4,8,0,2.503465562706812,0
35,4,9,1,1.4649388255303606,1
35,4,10,0,-2.005047727193957,1
35,4,11,1,2.152818617135752,1
35,4,12,0,-0.3250174472053535,1
35,4,13,1,2.9207200204105552,1
35,4,14,0,0.13482624284102274,0
35,8,0,1,-0.36456759751585155,0
35,8,1,0,-0.20851640335429344,1
35,8,2,1,0.8091357904453451,1
35,8,3,0,-0.8200958826978479,1
35,8,4,1,-0.47289352366486925,0
35,8,5,0,-0.21012489413301516,1
35,8,6,1,1.1049028930357672,1
35,8,7,0,-0.9631622464072134,1
35,8,8,0,-3.302178337618475,1
35,8,9,1,0.06177570497452267,1
35,8,10,0,-1.037660560965568,1
35,8,11,1,-0.43569777614845373,0
35,8,12,1,0.21688944335503146,1
35,8,13,0,-0.9053021669279988,1
35,8,14,1,1.3761395937633338,1
35,12,0,0,-0.6067250102168313,1
35,12,1,1,-0.4329027437759292,0
35,12,2,0,-1.3414305610585953,1
35,12,3,1,-0.2320841084536105,0
35,12,4,1,-1.0927071056997155,0
35,12,5,0,-1.1770245819608038,1
35,12,6,1,1.224943767585558,1
35,12,7,0,-0.8165594765095332,1
35,12,8,0,-1.1988851788513668,1
35,12,9,1,-0.6704415332504614,0
35,12,10,1,-0.43781869030330034,0
35,12,11,0,-2.0481606938720214,1
35,12,12,0,-1.449189102806521,1
35,12,13,1,-0.10584467377608897,0
35,12,14,1,-2.387600937837335,0
36,4,0,1,-0.3829711270796867,0
36,4,1,0,-0.07733340150838375,1
36,4,2,1,-0.8190613471680122,0
36,4,3,0,0.35609746601758996,0
36,4,4,0,-0.10662269887525344,1
36,4,5,1,-0.15641974313978446,0
36,4,6,1,0.2092936013556188,1
36,4,7,0,0.7080364993860391,0
36,4,8,0,-0.132639564330836,1
36,4,9,1,-0.4333757436288064,0
36,4,10,0,0.8940432309072626,0
36,4,11,1,-0.06271937030094765,0
36,4,12,0,-0.29539929996296044,1
36,4,13,1,-0.1288902689626834,0
36,8,0,0,-0.28432938714581857,1
36,8,1,1,-0.22645377006241674,0
36,8,2,1,-0.5058925978442277,0
36,8,3,0,-0.6956885405631583,1
36,8,4,0,0.4818042490905112,0
36,8,5,1,0.39074755685683016,1
36,8,6,0,-1.765233884248861,1
36,8,7,1,-0.02846156734989158,0
36,8,8,1,0.4910600233431399,1
36,8,9,0,-1.2184206320667588,1
36,8,10,1,0.40715773141227185,1
36,8,11,0,-0.7300327236075272,1
36,8,12,1,0.07081000826297768,1
36,8,13,0,0.5531510321253124,0
36,12,0,0,0.8558647548925764,0
36,12,1,1,0.17904218926063198,1
36,12,2,1,0.22974346491877728,1
36,12,3,0,-0.36223337697234337,1
36,12,4,1,-0.38752574106636084,0
36,12,5,0,-0.24287041874568294,1
36,12,6,0,0.516702711410173,0
36,12,7,1,0.2766694157779468,1
36,12,8,1,1.1145917760970399,1
36,12,9,0,-0.9009064968649478,1
36,12,10,1,-0.3563284018094226,0
36,12,11,0,1.1720631737226022,0
36,12,12,0,0.032883489099881036,0
36,12,13,1,0.35169875955480956,1
37,4,0,1,0.4446228504557457,1
37,4,1,0,-0.05272171804054171,1
37,4,2,1,0.18054927550150746,1
37,4,3,0,-0.47676288735921935,1
37,4,4,1,-0.004164439715494073,0
37,4,5,0,-0.6603849486853448,1
37,4,6,0,-0.313259734700603,1
37,4,7,1,0.026693958992079825,1
37,4,8,0,0.17376743110269022,0
37,4,9,1,-0.7500522710423736,0
37,4,10,1,0.34674650462044365,1
37,4,11,0,-0.2508726027985215,1
37,4,12,1,-0.19421349587353287,0
37,4,13,0,-0.6005930398230772,1
37,4,14,0,-0.4183418418284357,1
37,8,0,1,1.0031779062958752,1
37,8,1,0,0.5808326551902865,0
37,8,2,1,0.5521465763152418,1
37,8,3,0,1.0375305146605731,0
37,8,4,0,0.24006056083576377,0
37,8,5,1,0.7288414703189199,1
37,8,6,0,0.3569027683186663,0
37,8,7,1,-0.7680204815530003,0
37,8,8,1,0.6948265081513245,1
37,8,9,0,-0.06346237943793209,1
37,8,10,1,-0.7572559627254751,0
37,8,11,0,0.2590989437546525,0
37,8,12,0,0.7841779048729469,0
37,8,13,1,0.05068066303683061,1
37,12,0,1,0.48781656211617275,1
37,12,1,0,0.33328484331907404,0
37,12,2,1,0.01874669255700212,1
37,12,3,0,0.047381290671934195,0
37,12,4,0,-0.43261931528862574,1
37,12,5,1,-0.7104723084292028,0
37,12,6,1,0.23186050529101854,1
37,12,7,0,0.27117054968035204,0
37,12,8,1,0.5547324576757586,1
37,12,9,0,-0.4437010950047915,1
37,12,10,1,-0.8305268669016042,0
37,12,11,0,-1.1031973263525676,1
37,12,12,0,-0.2198854383431903,1
37,12,13,1,-0.3100538500911192,0
39,4,0,1,0.1793670158862808,1
39,4,1,0,-0.055575189063507224,1
39,4,2,1,-0.5678416753541802,0
39,4,3,0,-1.060609346554985,1
39,4,4,0,-0.9290458694972374,1
39,4,5,1,0.2425311375191046,1
39,4,6,0,-1.0611413857268528,1
39,4,7,1,0.8925153241008434,1
39,4,8,1,-0.6404441652968202,0
39,4,9,0,-0.02081167848895893,1
39,4,10,0,0.17472010002898664,0
39,4,11,1,0.2687939444010343,1
39,4,12,1,-0.6496170777830166,0
39,4,13,0,0.16759831651472634,0
39,8,0,1,-0.39839489193605715,0
39,8,1,0,-0.1371842604015887,1
39,8,2,1,0.20740266684355602,1
39,8,3,0,-0.6976685487621734,1
39,8,4,1,-0.30181624416211017,0
39,8,5,0,0.21534355963546714,0
39,8,6,1,0.23084739160066192,1
39,8,7,0,-0.12350985005244208,1
39,8,8,1,0.18337314294730822,1
39,8,9,0,-0.2658309419571627,1
39,8,10,1,0.208316798712052,1
39,8,11,0,-0.2977324978872029,1
39,8,12,0,-0.3821321038700267,1
39,8,13,1,0.02683090758552087,1
39,12,0,0,0.4228737162932181,0
39,12,1,1,0.4472725610923036,1
39,12,2,1,0.3214976794786102,1
39,12,3,0,1.0635198283584466,0
39,12,4,1,-1.0250720221119023,0
39,12,5,0,0.4836335864961496,0
39,12,6,0,-0.10551591380155534,1
39,12,7,1,-0.2793496708473562,0
39,12,8,0,-0.09525696597674482,1
39,12,9,1,0.22038764550408896,1
39,12,10,0,-0.5546929515931929,1
39,12,11,1,1.2043487667746886,1
39,12,12,1,0.5474755357766918,1
39,12,13,0,0.4994619832595584,0
41,4,0,0,0.7126523569521233,0
41,4,1,1,0.4030708486829999,1
41,4,2,0,-1.1114908689441603,1
41,4,3,1,0.9103340036863226,1
41,4,4,0,-0.3087214760574901,1
41,4,5,1,-0.3124612512887124,0
41,4,6,0,-0.3461489835025944,1
41,4,7,1,-0.11555098109501838,0
41,4,8,0,-0.7529296059769941,1
41,4,9,1,0.6937301026875073,1
41,4,10,1,0.5127709463464325,1
41,4,11,0,0.7658323853721853,0
41,4,12,1,0.3576601188628046,1
41,4,13,0,0.07008312578547748,0
41,4,14,0,0.23837612980596967,0
41,8,0,1,1.1222997516364979,1
41,8,1,0,0.7495592258770492,0
41,8,2,0,-0.44644321503121276,1
41,8,3,1,1.071867622174568,1
41,8,4,1,0.08087119403922083,1
41,8,5,0,-0.41464320096660323,1
41,8,6,1,0.5390314969625671,1
41,8,7,0,-1.1857435764254909,1
41,8,8,0,-0.32200209246311706,1
41,8,9,1,0.2768374487649172,1
41,8,10,0,0.1807012686040883,0
41,8,11,1,-0.6259537705156375,0
41,8,12,1,1.3743346904836553,1
41,8,13,0,-0.3158574337470137,1
41,12,0,1,0.3539643572440334,1
41,12,1,0,-0.7814918376439706,1
41,12,2,1,0.23081159684663843,1
41,12,3,0,-0.6264572316486623,1
41,12,4,1,0.8103735516343056,1
41,12,5,0,-1.9365359316453061,1
41,12,6,1,0.24981568461482073,1
41,12,7,0,-0.6145876710663956,1
41,12,8,1,0.6084310500878316,1
41,12,9,0,-1.4528991278015857,1
41,12,10,0,-1.1914700839860877,1
41,12,11,1,2.160746894712128,1
41,12,12,1,1.3340557758904783,1
41,12,13,0,-1.6381537714496537,1
41,12,14,0,-0.7827775206995955,1
43,4,0,0,-0.07755031648310773,1
43,4,1,1,0.7654379408361107,1
43,4,2,1,0.2698471006916945,1
43,4,3,0,0.8324756537562013,0
43,4,4,0,0.09537205679370331,0
43,4,5,1,0.043929106510612215,1
43,4,6,1,-0.19966025648472563,0
43,4,7,0,-0.5277333775917064,1
43,4,8,0,-0.6671229187050409,1
43,4,9,1,0.3414114193226725,1
43,4,10,1,0.6760643604346583,1
43,4,11,0,-0.3116365614293626,1
43,4,12,1,1.0841886265584622,1
43,4,13,0,-0.36876110356136316,1
43,8,0,0,-0.5986174814763165,1
43,8,1,1,2.7163121930475853,1
43,8,2,0,-0.6390162925391345,1
43,8,3,1,1.2728009519817634,1
43,8,4,0,-2.1926759690117947,1
43,8,5,1,0.29436301798359255,1
43,8,6,0,-0.4090391651477643,1
43,8,7,1,1.269212499031719,1
43,8,8,1,1.3360644202480376,1
43,8,9,0,-2.763425347251933,1
43,8,10,1,1.147667741906341,1
43,8,11,0,-2.704141854211181,1
43,8,12,1,-0.1360374465244436,0
43,8,13,0,-2.9267442229385745,1
43,12,0,0,0.9109531063415961,0
43,12,1,1,1.728909518042932,1
43,12,2,0,-1.6448521373755738,1
43,12,3,1,1.5762304644756737,1
43,12,4,1,1.0742826916630492,1
43,12,5,0,-1.3122627859861025,1
43,12,6,0,0.07497098452288764,0
43,12,7,1,1.5693679698106875,1
43,12,8,1,1.2028258135846297,1
43,12,9,0,-0.3002122679830408,1
43,12,10,1,1.9552253981644716,1
43,12,11,0,-1.1759229897041397,1
43,12,12,1,0.5688097949046904,1
43,12,13,0,-1.3074247508425199,1
46,4,0,0,-0.3645095944923584,1
46,4,1,1,-0.5960872935849739,0
46,4,2,1,-0.6386081127370309,0
46,4,3,0,-0.9969361939229942,1
46,4,4,0,-0.47976794593118166,1
46,4,5,1,0.3057843260735962,1
46,4,6,1,-0.27200428279020494,0
46,4,7,0,-0.48647242155702664,1
46,4,8,1,-0.3778578045423382,0
46,4,9,0,-0.5483199139336996,1
46,4,10,1,-0.08832492818033799,0
46,4,11,0,-0.41863474031501724,1
46,4,12,1,-0.48630224829077395,0
46,4,13,0,0.31252905262785413,0
46,4,14,0,0.1655623898042582,0
46,8,0,1,-0.1547766532301389,0
46,8,1,0,0.046464987383052936,0
46,8,2,0,-0.4089250846903223,1
46,8,3,1,-0.1935411904476676,0
46,8,4,0,-0.025982949309767633,1
46,8,5,1,0.3230086105035519,1
46,8,6,0,0.39687755620925413,0
46,8,7,1,-0.20350793440746706,0
46,8,8,1,0.22546010302667785,1
46,8,9,0,-0.31458260777601943,1
46,8,10,0,-0.5782841368303813,1
46,8,11,1,0.6104671012542351,1
46,8,12,1,1.356321942641899,1
46,8,13,0,0.12341095125733004,0
46,8,14,1,0.8154502378688266,1
46,12,0,0,-0.22676106483392022,1
46,12,1,1,1.5262899041131615,1
46,12,2,1,0.37866179700712355,1
46,12,3,0,-0.911842841760194,1
46,12,4,0,-0.7235228299321863,1
46,12,5,1,0.2937768303172481,1
46,12,6,1,0.7335064313491637,1
46,12,7,0,-1.5020444029218345,1
46,12,8,1,0.4730988526851103,1
46,12,9,0,-0.8050604303137823,1
46,12,10,1,1.1005549755788664,1
46,12,11,0,-0.4409992127342863,1
46,12,12,1,2.0041139844291846,1
46,12,13,0,-1.223720805649323,1
46,12,14,0,0.5357679140143365,0
49,4,0,0,-0.6755596123014342,1
49,4,1,1,-0.2535634090714689,0
49,4,2,0,-0.7189061417696492,1
49,4,3,1,2.2226812974303307,1
49,4,4,1,1.1121353491292854,1
49,4,5,0,-0.6851876082636186,1
49,4,6,1,0.354698438836329,1
49,4,7,0,-0.9385095447542593,1
49,4,8,0,-0.3101986315633769,1
49,4,9,1,-0.44836499975608257,0
49,4,10,1,1.229499642164921,1
49,4,11,0,-0.6899068731991644,1
49,4,12,0,0.1997325791576552,0
49,4,13,1,1.4678848560681654,1
49,8,0,0,0.38231145233179253,0
49,8,1,1,1.5213264500264128,1
49,8,2,0,-1.3482310879021149,1
49,8,3,1,1.4339411654565772,1
49,8,4,0,-1.4953038076418972,1
49,8,5,1,0.7040048208839607,1
49,8,6,0,-0.9636259826497591,1
49,8,7,1,1.5718461811169595,1
49,8,8,0,-0.35541549375462367,1
49,8,9,1,1.0454013395275954,1
49,8,10,0,-0.8793894043948525,1
49,8,11,1,1.5407806890536797,1
49,8,12,0,-0.9636220426552762,1
49,8,13,1,0.8410037377049666,1
49,12,0,0,-0.9601418467490392,1
49,12,1,1,1.0579350640610894,1
49,12,2,1,0.7450901858713328,1
49,12,3,0,-1.3027837510682705,1
49,12,4,0,-0.6188258749613595,1
49,12,5,1,1.3051600838497528,1
49,12,6,0,-2.306782481104028,1
49,12,7,1,-0.25497675306601186,0
49,12,8,0,-0.8257682496403465,1
49,12,9,1,1.6598947415471033,1
49,12,10,0,-0.896384886050726,1
49,12,11,1,1.3489285473809192,1
49,12,12,1,0.43724935314438174,1
49,12,13,0,-1.5528239852432884,1
50,4,0,1,0.10623888260403236,1
50,4,1,0,0.17412068724344065,0
50,4,2,0,0.21057936485865492,0
50,4,3,1,0.31994672437213856,1
50,4,4,0,0.37965542630818794,0
50,4,5,1,0.30869449463515775,1
50,4,6,1,0.39467642080675525,1
50,4,7,0,-0.6078717742154724,1
50,4,8,0,0.18276929057072877,0
50,4,9,1,0.2656795626747366,1
50,4,10,0,-0.29662470774436844,1
50,4,11,1,0.806279472167613,1
50,4,12,1,-0.10628733844405058,0
50,4,13,0,-0.193075549266581,1
50,8,0,1,0.9219478724743171,1
50,8,1,0,0.0048089401028796885,0
50,8,2,0,0.21029107135917746,0
50,8,3,1,0.010008436925526887,1
50,8,4,1,-0.775094790330483,0
50,8,5,0,-0.011229226983004548,1
50,8,6,0,-0.5873421020183258,1
50,8,7,1,-0.23446029927163448,0
50,8,8,0,0.6668893089154682,0
50,8,9,1,0.5606928924889516,1
50,8,10,1,-0.23072719716550427,0
50,8,11,0,-0.715273988692247,1
50,8,12,0,-0.06212771611954526,1
50,8,13,1,-0.4743445506395152,0
50,12,0,0,-0.632667737380757,1
50,12,1,1,0.17901110936578046,1
50,12,2,0,-0.4287186967559955,1
50,12,3,1,0.48980055782961607,1
50,12,4,1,-0.016682976367107916,0
50,12,5,0,-0.20544991268180768,1
50,12,6,1,0.3553665200922316,1
50,12,7,0,-0.3843344260995041,1
50,12,8,1,-0.30666893979134713,0
50,12,9,0,-0.8327685269178331,1
50,12,10,1,0.42331240182920693,1
50,12,11,0,-0.31029377953209014,1
50,12,12,0,-0.8777847991519445,1
50,12,13,1,-0.20016833953654878,0
51,4,0,0,0.24594497829058293,0
51,4,1,1,0.7289621914509388,1
51,4,2,1,0.385870381217583,1
51,4,3,0,-0.3773611228642366,1
51,4,4,1,2.5775734709518865,1
51,4,5,0,-0.4061613042588559,1
51,4,6,1,-0.2094471706917247,0
51,4,7,0,0.36255692993358357,0
51,4,8,1,0.21419425589426355,1
51,4,9,0,-0.30110707980691886,1
51,4,10,1,0.21905491395053778,1
51,4,11,0,-0.14762060075036043,1
51,4,12,1,-0.24698150404308317,0
51,4,13,0,0.247605001277027,0
51,4,14,0,-0.048530110587459596,1
51,8,0,1,-0.49416349830216344,0
51,8,1,0,-1.2258471405649096,1
51,8,2,1,0.0101115247453758,1
51,8,3,0,0.3302295977075782,0
51,8,4,1,0.7968403188095157,1
51,8,5,0,0.45688232267394513,0
51,8,6,0,0.40427387320843433,0
51,8,7,1,0.21305692719677616,1
51,8,8,1,-1.2894194089105815,0
51,8,9,0,-0.7256042594917709,1
51,8,10,1,0.30336347066977476,1
51,8,11,0,1.3250334107174853,0
51,8,12,1,0.15634641593630905,1
51,8,13,0,1.8549006658623552,0
51,8,14,0,-0.1602218651585816,1
51,12,0,1,-0.5786093960340732,0
51,12,1,0,-1.1057265858656717,1
51,12,2,1,-0.37094457797432145,0
51,12,3,0,-1.1788536684348037,1
51,12,4,0,-0.06314492640937353,1
51,12,5,1,-1.0166611207694547,0
51,12,6,0,-0.9550482977338468,1
51,12,7,1,-0.8390139544326547,0
51,12,8,1,0.05050627371726524,1
51,12,9,0,-0.5291928301105928,1
51,12,10,0,-0.688530856207958,1
51,12,11,1,0.3410431494228927,1
51,12,12,1,1.3426704362065909,1
51,12,13,0,-1.0686153511922325,1
51,12,14,0,-0.5643310288933439,1
52,4,0,0,0.3913545050054337,0
52,4,1,1,0.4846262526202896,1
52,4,2,1,1.0097996818842114,1
52,4,3,0,-0.9856322726762701,1
52,4,4,1,0.9847638311637796,1
52,4,5,0,-0.26705686469846945,1
52,4,6,1,0.9856082947123168,1
52,4,7,0,-2.966917645822846,1
52,4,8,1,1.6891839228127745,1
52,4,9,0,0.8113318456974823,0
52,4,10,0,-1.2507052482854364,1
52,4,11,1,1.5056690709132061,1
52,4,12,1,0.628627219050272,1
52,4,13,0,-2.7577932433071526,1
52,8,0,1,0.25357263611296776,1
52,8,1,0,-0.4385122358779303,1
52,8,2,0,-2.9446694154689936,1
52,8,3,1,2.4931556706740583,1
52,8,4,0,-1.4448367474896633,1
52,8,5,1,3.0309478964862295,1
52,8,6,1,1.5236963055126909,1
52,8,7,0,-1.452179440213868,1
52,8,8,1,1.0108213204721386,1
52,8,9,0,-2.8791149369611873,1
52,8,10,1,0.923154666909765,1
52,8,11,0,0.5822807794721108,0
52,8,12,1,0.7253757006683479,1
52,8,13,0,-0.5737368649250449,1
52,12,0,1,-0.43622569950879697,0
52,12,1,0,0.16350430149774953,0
52,12,2,1,1.176836261818285,1
52,12,3,0,-0.03181883697800458,1
52,12,4,0,0.12480524393107695,0
52,12,5,1,1.8595956548599109,1
52,12,6,0,-0.10911238032020654,1
52,12,7,1,2.3211820780482073,1
52,12,8,1,1.7787524084726627,1
52,12,9,0,-2.138566434680655,1
52,12,10,0,0.8502495450201146,0
52,12,11,1,0.5938561549044401,1
52,12,12,0,-1.4877737405856635,1
52,12,13,1,2.569005783977042,1
54,4,0,1,1.0395092953771758,1
54,4,1,0,-2.13913396231401,1
54,4,2,1,1.4850443884781308,1
54,4,3,0,-1.0379497486373908,1
54,4,4,1,3.8100471942837064,1
54,4,5,0,-0.31390428789909297,1
54,4,6,1,-0.9011974169416366,0
54,4,7,0,-0.42962814615732947,1
54,4,8,1,0.27704126470445534,1
54,4,9,0,-0.7840430130001284,1
54,4,10,1,0.027049853056719364,1
54,4,11,0,-0.06806040332772234,1
54,4,12,0,-0.9262370584926067,1
54,4,13,1,1.8327260838816617,1
54,8,0,0,-1.5067490562047214,1
54,8,1,1,1.408851872717615,1
54,8,2,0,-1.000734067402489,1
54,8,3,1,1.9967624072963588,1
54,8,4,0,-0.31852271000594357,1
54,8,5,1,-0.8744383788006651,0
54,8,6,0,-0.08068653361137557,1
54,8,7,1,1.2173088262196243,1
54,8,8,0,-0.31177259102057153,1
54,8,9,1,0.23019271799491747,1
54,8,10,0,-1.9637704090207746,1
54,8,11,1,2.5032097056507006,1
54,8,12,0,-1.1279472391897158,1
54,8,13,1,-0.018458873293094147,0
54,12,0,0,-3.4040102865249686,1
54,12,1,1,-1.5948412264014575,0
54,12,2,0,-0.1323975625565259,1
54,12,3,1,1.6241969979432138,1
54,12,4,0,-1.6581417329800023,1
54,12,5,1,0.4572405798449548,1
54,12,6,0,-1.7836322860249614,1
54,12,7,1,0.9566669474815668,1
54,12,8,1,0.033571153174916546,1
54,12,9,0,0.20887063834210728,0
54,12,10,0,-2.403189258481669,1
54,12,11,1,1.6939321645438064,1
54,12,12,1,-1.1499300597026276,0
54,12,13,0,0.026510777106165673,0
57,4,0,1,-0.2486641040530544,0
57,4,1,0,0.6649564309033318,0
57,4,2,0,0.8873130608521365,0
57,4,3,1,-0.2871533414769236,0
57,4,4,0,0.6455457839393719,0
57,4,5,1,0.15314873963871722,1
57,4,6,1,1.198790614343154,1
57,4,7,0,0.5778587665018575,0
57,4,8,0,1.1665208116104369,0
57,4,9,1,0.6364265543199235,1
57,4,10,0,0.7071501712093178,0
57,4,11,1,0.9087236568659871,1
57,4,12,0,0.5472784409509419,0
57,4,13,1,0.4233018500428858,1
57,4,14,0,-1.5440435363538714,1
57,8,0,1,-0.6686909166517667,0
57,8,1,0,-0.29023205450486245,1
57,8,2,1,1.4845299480387721,1
57,8,3,0,0.7133203009414304,0
57,8,4,0,-0.34838229257190356,1
57,8,5,1,1.052072013517928,1
57,8,6,0,0.07847829688739916,0
57,8,7,1,0.7980898307363979,1
57,8,8,1,-2.1254443953771816,0
57,8,9,0,-0.9668885097969622,1
57,8,10,1,0.8126291695270922,1
57,8,11,0,0.08543626634422807,0
57,8,12,1,-0.37955190400807304,0
57,8,13,0,-0.6994590796871045,1
57,8,14,0,0.8881290453092507,0
57,12,0,0,-0.2141040485504253,1
57,12,1,1,0.8737271312337227,1
57,12,2,0,-1.6111237260087419,1
57,12,3,1,2.1302866997976597,1
57,12,4,1,0.9289121486300256,1
57,12,5,0,-0.9511875181980478,1
57,12,6,0,-2.666615673782734,1
57,12,7,1,1.0079199843546918,1
57,12,8,0,-0.8310014484547046,1
57,12,9,1,-0.6565227785263219,0
57,12,10,1,-1.6820790834703672,0
57,12,11,0,-0.7674985070258438,1
57,12,12,0,-0.32509338318327785,1
57,12,13,1,0.9452450140549313,1
57,12,14,0,-0.860115017625708,1
59,4,0,0,0.5574712810295273,0
59,4,1,1,0.6083402252125403,1
59,4,2,0,0.44600175544341436,0
59,4,3,1,0.6688011109639258,1
59,4,4,0,0.7963657783318583,0
59,4,5,1,0.7063786721752319,1
59,4,6,0,-0.31875620677326655,1
59,4,7,1,0.07868974012658381,1
59,4,8,1,0.2608516025364933,1
59,4,9,0,-0.8436997259198327,1
59,4,10,0,0.1353627998576341,0
59,4,11,1,-1.1402101578385062,0
59,4,12,1,-1.2406975888322527,0
59,4,13,0,0.40703962532747484,0
59,8,0,0,1.1021315091122141,0
59,8,1,1,1.526896982272623,1
59,8,2,1,0.3498656684082473,1
59,8,3,0,0.2684695110836155,0
59,8,4,0,-1.0132092677793039,1
59,8,5,1,-0.29729105678410184,0
59,8,6,0,2.1226451890829425,0
59,8,7,1,1.5661660810144857,1
59,8,8,0,-1.2172054589449999,1
59,8,9,1,-1.1385408088205367,0
59,8,10,0,0.2265333738407298,0
59,8,11,1,-0.525802988973346,0
59,8,12,0,0.5112738911796493,0
59,8,13,1,-0.39102764202943074,0
59,12,0,1,0.9606877767305071,1
59,12,1,0,0.09230025815786291,0
59,12,2,1,0.16421946505455454,1
59,12,3,0,-2.887978233152187,1
59,12,4,1,0.2876954296902725,1
59,12,5,0,-0.3665191360886233,1
59,12,6,1,0.4802237813388235,1
59,12,7,0,0.8680383528529321,0
59,12,8,1,-1.0456360883159026,0
59,12,9,0,-1.0956706988448923,1
59,12,10,1,-1.5187892139714387,0
59,12,11,0,-0.16110889811659845,1
59,12,12,0,1.0794324494181655,0
59,12,13,1,0.4540776983217705,1
60,4,0,0,-2.286731741316631,1
60,4,1,1,0.22323314740072764,1
60,4,2,1,-0.5236377202811626,0
60,4,3,0,-0.2632704529607559,1
60,4,4,0,-2.71636832278792,1
60,4,5,1,-0.16234491058908684,0
60,4,6,0,-1.250101106898406,1
60,4,7,1,1.064392236606416,1
60,4,8,1,0.6569841406963555,1
60,4,9,0,-2.435800629965941,1
60,4,10,0,-0.5471420049128586,1
60,4,11,1,0.28875988311071366,1
60,4,12,1,1.2063772154059982,1
60,4,13,0,-1.9227765350316586,1
60,8,0,0,-0.2617915197550662,1
60,8,1,1,-0.1947789423143842,0
60,8,2,1,0.5680645917878024,1
60,8,3,0,-2.0768108727185117,1
60,8,4,0,-1.7641791865387744,1
60,8,5,1,-1.4836141675499817,0
60,8,6,1,0.5528423081548883,1
60,8,7,0,-1.9828248302001286,1
60,8,8,0,-0.004196382639599872,1
60,8,9,1,1.3091756936603796,1
60,8,10,1,2.11650418062301,1
60,8,11,0,-0.700910333613548,1
60,8,12,1,3.4159064867424007,1
60,8,13,0,-0.5352818028160504,1
60,12,0,0,-2.2353747992703044,1
60,12,1,1,3.3263208482634923,1
60,12,2,0,-1.3825394707169663,1
60,12,3,1,0.7458985149345732,1
60,12,4,1,1.6381448225201947,1
60,12,5,0,-0.4431041351370464,1
60,12,6,0,-1.8912259224686125,1
60,12,7,1,3.279973800460647,1
60,12,8,0,-1.0341314304096825,1
60,12,9,1,0.12221326295575796,1
60,12,10,0,-1.5605649184403467,1
60,12,11,1,3.0265375118157607,1
60,12,12,0,1.0197516235286623,0
60,12,13,1,0.9263628322062005,1
61,4,0,1,-0.011550613494005102,0
61,4,1,0,0.16314494672911106,0
61,4,2,0,0.34560105105114314,0
61,4,3,1,0.9711812584740152,1
61,4,4,0,-0.46344719679096835,1
61,4,5,1,0.559792963688825,1
61,4,6,1,0.5099772943310632,1
61,4,7,0,-1.7070035622402226,1
61,4,8,0,-0.7031720163731214,1
61,4,9,1,1.7112949397206663,1
61,4,10,1,1.4694117804727718,1
61,4,11,0,-0.20431333645111938,1
61,4,12,0,-0.7769965720971763,1
61,4,13,1,0.9683764894560922,1
61,4,14,1,0.7716145355176698,1
61,8,0,1,-0.45668187831250817,0
61,8,1,0,-0.17529716999843448,1
61,8,2,1,2.1115579280391277,1
61,8,3,0,-0.851995666359898,1
61,8,4,1,0.40993541085598917,1
61,8,5,0,-0.8952462361845708,1
61,8,6,0,-1.8699671075577964,1
61,8,7,1,0.3977965370736176,1
61,8,8,0,-0.5570968918152723,1
61,8,9,1,2.1055250012970053,1
61,8,10,1,-0.7068118049277685,0
61,8,11,0,-1.3153581742814247,1
61,8,12,1,-0.26017154234392814,0
61,8,13,0,-1.4909903663360373,1
61,8,14,0,-1.425951792925706,1
61,12,0,1,4.141056601189427,1
61,12,1,0,-0.8131449616669446,1
61,12,2,0,-0.6110849151606437,1
61,12,3,1,0.03828796707422377,1
61,12,4,1,-0.021162786253769994,0
61,12,5,0,0.7249174955572273,0
61,12,6,0,-1.0907110962304036,1
61,12,7,1,1.6709665820000676,1
61,12,8,0,-0.9354771346116546,1
61,12,9,1,0.17319641862719237,1
61,12,10,1,0.17813683309489736,1
61,12,11,0,-2.3441589724517593,1
61,12,12,1,1.5792249863323358,1
61,12,13,0,-1.3993382389843703,1
61,12,14,1,1.0717029597401777,1
63,4,0,1,-0.30996383467031485,0
63,4,1,0,0.11241006905305184,0
63,4,2,1,-0.46970408927850094,0
63,4,3,0,0.8413600326083519,0
63,4,4,1,0.332841354068254,1
63,4,5,0,0.343730379919974,0
63,4,6,0,-0.2377870609602355,1
63,4,7,1,0.4858384224580379,1
63,4,8,1,0.41250213377686973,1
63,4,9,0,0.26439197367607825,0
63,4,10,0,0.6502832008368318,0
63,4,11,1,0.6384277444967716,1
63,4,12,0,-0.19964592057178554,1
63,4,13,1,-0.5068736285329773,0
63,8,0,0,0.12438530578285345,0
63,8,1,1,0.8829593124109438,1
63,8,2,1,0.6787796947110751,1
63,8,3,0,1.0701864053778154,0
63,8,4,0,0.34780670090023236,0
63,8,5,1,1.5840171182827079,1
63,8,6,1,-7.663459772999235,0
63,8,7,0,0.960774621744874,0
63,8,8,0,0.3738649596678576,0
63,8,9,1,1.4903198468278651,1
63,8,10,1,1.2211701960815868,1
63,8,11,0,1.0668359314314566,0
63,8,12,1,1.5115147700668734,1
63,8,13,0,0.9705503824513935,0
63,12,0,1,0.3927609318010614,1
63,12,1,0,0.6755635152126891,0
63,12,2,0,0.7578997476090976,0
63,12,3,1,-0.009018566042954479,0
63,12,4,1,0.5363008289868851,1
63,12,5,0,0.1496496497449693,0
63,12,6,0,0.12065606228756964,0
63,12,7,1,1.2270673065551665,1
63,12,8,1,0.40652921672739484,1
63,12,9,0,0.465534570334005,0
63,12,10,1,1.5385505320497415,1
63,12,11,0,0.47947167787084766,0
63,12,12,0,0.7900403503936031,0
63,12,13,1,1.2259168589187488,1
66,4,0,0,0.5820559099921359,0
66,4,1,1,1.0976703063043374,1
66,4,2,1,0.41482020959099586,1
66,4,3,0,-0.0440642444274717,1
66,4,4,1,1.1388551203507,1
66,4,5,0,0.5814697836697573,0
66,4,6,0,0.0697884158545663,0
66,4,7,1,-0.9259600290825947,0
66,4,8,0,0.7059987031978503,0
66,4,9,1,-0.6735547595271827,0
66,4,10,0,-1.1284053255422377,1
66,4,11,1,-0.3444774895892513,0
66,4,12,1,0.33801780705602,1
66,4,13,0,0.001686731812507336,0
66,4,14,1,-0.2972303141496315,0
66,8,0,0,0.7776017122186101,0
66,8,1,1,-1.3844629349741373,0
66,8,2,0,1.0430750297590423,0
66,8,3,1,1.3528939948971832,1
66,8,4,0,-0.17787034068570629,1
66,8,5,1,-0.055854310263724116,0
66,8,6,0,1.1058379439310926,0
66,8,7,1,-1.2099391287672445,0
66,8,8,0,-0.45864134957662017,1
66,8,9,1,-0.8418385688725953,0
66,8,10,1,-0.5043732375530694,0
66,8,11,0,0.9183144653204081,0
66,8,12,0,0.3394940825823065,0
66,8,13,1,-0.048159932096044855,0
66,8,14,0,-0.98468096832712,1
66,12,0,0,0.6442492934036301,0
66,12,1,1,-0.5112003408995256,0
66,12,2,0,-0.8843209034856288,1
66,12,3,1,2.1947498891608213,1
66,12,4,0,-0.8605086177009096,1
66,12,5,1,1.1137171749347488,1
66,12,6,1,-0.8120790481160656,0
66,12,7,0,0.23564796547194478,0
66,12,8,0,0.6135396911116224,0
66,12,9,1,-0.0924090838501006,0
66,12,10,1,-1.1059701849735248,0
66,12,11,0,-0.6351399096766634,1
66,12,12,0,-0.8863187295121127,1
66,12,13,1,-0.6103525923606314,0
66,12,14,1,-0.6117352200285406,0
68,4,0,1,0.5464411109720966,1
68,4,1,0,0.15350040751786365,0
68,4,2,0,-0.13954214515525276,1
68,4,3,1,-0.041286292679451275,0
68,4,4,1,0.08658881232593973,1
68,4,5,0,0.15776705210133235,0
68,4,6,1,0.8582550056961855,1
68,4,7,0,-0.06991537438218431,1
68,4,8,1,0.06344072039019188,1
68,4,9,0,-0.1817029269826369,1
68,4,10,0,0.2204737209683505,0
68,4,11,1,2.3686915533811446,1
68,4,12,1,0.1749497645700635,1
68,4,13,0,0.08109547339404699,0
68,8,0,1,0.30589456525118397,1
68,8,1,0,-0.5560965028631855,1
68,8,2,1,0.20373758752689541,1
68,8,3,0,-0.6862782017284679,1
68,8,4,0,-1.562730723122809,1
68,8,5,1,-0.4909981434424502,0
68,8,6,1,0.05394430387037108,1
68,8,7,0,-1.2230063255075323,1
68,8,8,0,-0.7775270082251982,1
68,8,9,1,-0.6691467236423552,0
68,8,10,0,-0.6318781162345593,1
68,8,11,1,0.3590020223762038,1
68,8,12,1,0.5213264792511372,1
68,8,13,0,-0.765570610484468,1
68,12,0,0,0.046434576155286234,0
68,12,1,1,-0.12996690785388143,0
68,12,2,0,-0.6911667481389714,1
68,12,3,1,-0.016693559852288153,0
68,12,4,1,-0.5680461469431206,0
68,12,5,0,-0.7280943731476772,1
68,12,6,0,-0.3399268881915041,1
68,12,7,1,0.9661496939701673,1
68,12,8,1,0.3822791361137554,1
68,12,9,0,-0.08873900170141269,1
68,12,10,0,0.5253027704933273,0
68,12,11,1,1.1080615259922468,1
68,12,12,0,-0.7432456149258448,1
68,12,13,1,-0.16239783640437855,0
69,4,0,0,0.020215630557949726,0
69,4,1,1,0.30774976428276846,1
69,4,2,0,0.04883143939087198,0
69,4,3,1,-0.05062427144989767,0
69,4,4,1,0.10089169290703426,1
69,4,5,0,0.07833385832036432,0
69,4,6,0,-0.24199147460308534,1
69,4,7,1,-0.2885544212992768,0
69,4,8,0,-0.19131104220671968,1
69,4,9,1,-0.2387527761403403,0
69,4,10,1,-0.1169947569348091,0
69,4,11,0,-0.2637402860773914,1
69,4,12,0,-0.4381399381730091,1
69,4,13,1,-1.2442827321011598,0
69,8,0,0,-0.31030769023012805,1
69,8,1,1,0.14088650988228224,1
69,8,2,1,-0.23712837286574828,0
69,8,3,0,-0.4974084922523101,1
69,8,4,0,-0.5330372222753361,1
69,8,5,1,0.36335800641702143,1
69,8,6,1,-1.077087875864005,0
69,8,7,0,0.020170983171492907,0
69,8,8,1,0.06681589456406245,1
69,8,9,0,-0.9863767418579843,1
69,8,10,0,-0.9702454809372132,1
69,8,11,1,-0.1438232032023894,0
69,8,12,1,-0.6020362484447213,0
69,8,13,0,-0.8740720247426141,1
69,12,0,0,0.02611821257904845,0
69,12,1,1,-0.5440954958833819,0
69,12,2,1,-0.00936936851745429,0
69,12,3,0,-0.5799910473110632,1
69,12,4,0,0.23852345655381013,0
69,12,5,1,1.0335816347934959,1
69,12,6,1,0.7226974070938179,1
69,12,7,0,1.857502640559975,0
69,12,8,1,1.3618547072722782,1
69,12,9,0,-0.7124279439416541,1
69,12,10,0,0.42791922019477546,0
69,12,11,1,-0.05205605645090561,0
69,12,12,0,-0.6231470905608552,1
69,12,13,1,0.7653143359878891,1
70,4,0,1,0.14286748428506657,1
70,4,1,0,0.4550620085259469,0
70,4,2,1,1.5482073874582536,1
70,4,3,0,0.742446769662064,0
70,4,4,0,-1.9174758363504332,1
70,4,5,1,0.7923776127642634,1
70,4,6,1,0.2326141291007393,1
70,4,7,0,0.34365182664116256,0
70,4,8,0,-0.10674934759736843,1
70,4,9,1,0.3846565393696064,1
70,4,10,0,-0.10772113751468027,1
70,4,11,1,0.08065893856788975,1
70,4,12,1,1.2401909262617323,1
70,4,13,0,-0.7791823362338903,1
70,8,0,1,0.7558039352735522,1
70,8,1,0,-1.0819307867669314,1
70,8,2,0,-0.7736703406909133,1
70,8,3,1,0.8951136490923055,1
70,8,4,1,-0.039858386545672086,0
70,8,5,0,-0.5756582315759102,1
70,8,6,1,0.27435682160725516,1
70,8,7,0,-1.3192870950711404,1
70,8,8,1,1.1136151701166206,1
70,8,9,0,-0.9939780894966539,1
70,8,10,1,1.3329752982309993,1
70,8,11,0,-0.7004582879198482,1
70,8,12,0,-1.038719776328544,1
70,8,13,1,1.2083059071646325,1
70,12,0,1,0.6230195650294652,1
70,12,1,0,-1.3020459219114096,1
70,12,2,0,-2.0329759677766077,1
70,12,3,1,0.5966329767020788,1
70,12,4,0,-1.586196247541744,1
70,12,5,1,0.6155084081163276,1
70,12,6,0,-0.5684672837948197,1
70,12,7,1,1.8935438116749026,1
70,12,8,0,-1.5317538860165945,1
70,12,9,1,0.29320930729241423,1
70,12,10,0,-0.0708574858695381,1
70,12,11,1,2.3924002541711893,1
70,12,12,0,-0.6339775957136395,1
70,12,13,1,0.6834005609095066,1
73,4,0,0,-0.23039699033442496,1
73,4,1,1,-0.6040370249700584,0
73,4,2,0,-1.169904999963712,1
73,4,3,1,-0.18397576709454322,0
73,4,4,0,-1.1484957572288494,1
73,4,5,1,0.1250434837647849,1
73,4,6,1,-0.36961227746561764,0
73,4,7,0,-1.1791357471429122,1
73,4,8,0,-1.3037410589043186,1
73,4,9,1,-0.895727581078174,0
73,4,10,1,-0.010301041037517056,0
73,4,11,0,-0.3654718793865128,1
73,4,12,0,-1.4382420913052159,1
73,4,13,1,1.4023166250575878,1
73,8,0,1,0.04688611023898703,1
73,8,1,0,-0.41793146717832164,1
73,8,2,1,0.21982830737322656,1
73,8,3,0,0.12517982052766818,0
73,8,4,0,-1.0048437820015392,1
73,8,5,1,1.2246236348476636,1
73,8,6,1,1.2225943892554452,1
73,8,7,0,-0.6303117963107916,1
73,8,8,1,1.0898236582441907,1
73,8,9,0,-0.533912924726061,1
73,8,10,0,-0.9128553534214865,1
73,8,11,1,1.6094325177115936,1
73,8,12,1,1.2805519668839906,1
73,8,13,0,-0.5088402685235596,1
73,12,0,0,0.26989123177535523,0
73,12,1,1,-0.04820305121288948,0
73,12,2,0,0.6422883014423011,0
73,12,3,1,0.502800155476149,1
73,12,4,0,1.3498478750948286,0
73,12,5,1,0.41794920142534586,1
73,12,6,1,-0.011494337934566445,0
73,12,7,0,-0.09359266980959591,1
73,12,8,1,0.0961579869357494,1
73,12,9,0,-0.3871788256679025,1
73,12,10,1,0.220007663973262,1
73,12,11,0,-0.8713406548116094,1
73,12,12,0,-0.31974580455990154,1
73,12,13,1,0.5749067257591989,1
76,4,0,1,0.024145103399351164,1
76,4,1,0,-0.08731715063489931,1
76,4,2,0,0.0707014709093432,0
76,4,3,1,0.6193008191523441,1
76,4,4,0,-0.5697045621209202,1
76,4,5,1,0.1642559538796471,1
76,4,6,0,0.12059770013166204,0
76,4,7,1,0.6826673665191243,1
76,4,8,1,1.5247498594605773,1
76,4,9,0,1.0379721708569307,0
76,4,10,0,-0.31859376146839,1
76,4,11,1,0.185102032820172,1
76,4,12,0,0.1999302241012586,0
76,4,13,1,-0.11222932929877949,0
76,8,0,0,-0.6588698980541503,1
76,8,1,1,-0.24876240878697953,0
76,8,2,1,0.30281126728255847,1
76,8,3,0,-0.7217455009044804,1
76,8,4,1,-0.7589918692350544,0
76,8,5,0,-0.3707391784406453,1
76,8,6,1,0.9521594008997631,1
76,8,7,0,-0.30881005789567073,1
76,8,8,0,0.11604885546784072,0
76,8,9,1,-0.5550657596406037,0
76,8,10,0,-0.6118286447104606,1
76,8,11,1,-1.0478306386001908,0
76,8,12,0,-1.2950284179525111,1
76,8,13,1,0.15859937453130524,1
76,12,0,0,-0.5068456922056366,1
76,12,1,1,0.8806479322326966,1
76,12,2,1,0.7772137035955144,1
76,12,3,0,-1.6843720402510685,1
76,12,4,1,0.19376605264725155,1
76,12,5,0,0.42909157804249576,0
76,12,6,0,-0.051368651843480606,1
76,12,7,1,-0.5946829209300359,0
76,12,8,0,-0.08111907218337233,1
76,12,9,1,0.7536313515508679,1
76,12,10,1,-0.4595568579047775,0
76,12,11,0,-0.3883979301881455,1
76,12,12,1,-0.6370343837064985,0
76,12,13,0,0.08763560553576122,0
78,4,0,0,0.2670893308411051,0
78,4,1,1,6.775156445833748,1
78,4,2,0,-0.3650230122022551,1
78,4,3,1,0.011292787041813135,1
78,4,4,0,-0.7702425981650216,1
78,4,5,1,-0.050257697229547205,0
78,4,6,1,0.6754236644161082,1
78,4,7,0,0.21671499757050405,0
78,4,8,0,-0.03905506249775481,1
78,4,9,1,0.19039001899870067,1
78,4,10,1,-3.9279717689366307,0
78,4,11,0,-2.1635898808163674,1
78,4,12,0,0.846264607474922,0
78,4,13,1,0.6402034636818308,1
78,8,0,1,0.1472351824424485,1
78,8,1,0,-0.15915503479302684,1
78,8,2,0,-3.5494922229024715,1
78,8,3,1,-1.0055188835258932,0
78,8,4,0,1.1280071929357156,0
78,8,5,1,1.0757210463122977,1
78,8,6,1,0.3717827339730735,1
78,8,7,0,0.6388220829881908,0
78,8,8,0,-0.5969866158046613,1
78,8,9,1,0.5057041579727266,1
78,8,10,0,1.1479641000280871,0
78,8,11,1,0.5918332737477274,1
78,8,12,0,-0.3654306094098976,1
78,8,13,1,0.7229350729631401,1
78,12,0,1,-0.9931799494046267,0
78,12,1,0,-0.11022339620028143,1
78,12,2,0,0.0007691902820452512,0
78,12,3,1,0.23429461458527046,1
78,12,4,0,0.41672595899151066,0
78,12,5,1,-0.06990835029637443,0
78,12,6,1,0.6072905945087408,1
78,12,7,0,-0.43220414083903913,1
78,12,8,1,0.3024618444342204,1
78,12,9,0,0.44962735316900293,0
78,12,10,1,-0.40743019041511097,0
78,12,11,0,-1.185817304203422,1
78,12,12,1,-0.08471412330235539,0
78,12,13,0,1.032507482146257,0
80,4,0,0,-0.6355704103611757,1
80,4,1,1,0.061240282372542865,1
80,4,2,1,-0.18107964347729677,0
80,4,3,0,-0.0023467731344415377,1
80,4,4,0,-0.4800036480641756,1
80,4,5,1,0.04960130744581992,1
80,4,6,0,-1.1923416566028624,1
80,4,7,1,-0.1959250549387903,0
80,4,8,0,-0.013029817098249019,1
80,4,9,1,-0.30128643375969233,0
80,4,10,1,0.6561023265000929,1
80,4,11,0,-0.9287628612876753,1
80,4,12,1,0.41986122727313235,1
80,4,13,0,-0.4176269362818661,1
80,8,0,1,0.3541731920396187,1
80,8,1,0,-0.3569535488456568,1
80,8,2,0,0.422555152461197,0
80,8,3,1,0.5838074729188363,1
80,8,4,0,-1.1770555685418498,1
80,8,5,1,0.1945991805596492,1
80,8,6,1,0.8778749434395832,1
80,8,7,0,-0.189966858904151,1
80,8,8,1,-0.03519926166380305,0
80,8,9,0,-0.41694330901923893,1
80,8,10,0,-0.10012557195270677,1
80,8,11,1,0.5000740181265795,1
80,8,12,1,0.15269240248123417,1
80,8,13,0,-0.42587061761349965,1
80,12,0,0,0.23696645014779527,0
80,12,1,1,0.4221085011896908,1
80,12,2,0,-0.1564881315131954,1
80,12,3,1,-0.014593035320676684,0
80,12,4,0,0.3830542216542443,0
80,12,5,1,-0.01922759113779904,0
80,12,6,0,-0.6552228219219149,1
80,12,7,1,0.5408082568543842,1
80,12,8,0,-0.060339829003963175,1
80,12,9,1,0.24519300722978432,1
80,12,10,1,0.08294768329289814,1
80,12,11,0,0.3306644167954902,0
80,12,12,1,0.19072269095552397,1
80,12,13,0,-0.20447769190738496,1
81,4,0,0,0.8519759674035834,0
81,4,1,1,1.1145874270887806,1
81,4,2,0,0.7547488137009868,0
81,4,3,1,1.2753694999551226,1
81,4,4,1,-0.0039220962156383266,0
81,4,5,0,0.17722284617326967,0
81,4,6,0,0.5051330326165742,0
81,4,7,1,0.7671350987167758,1
81,4,8,0,-0.9882129548816216,1
81,4,9,1,0.681746887984386,1
81,4,10,1,0.5263217026536458,1
81,4,11,0,-0.8596607596715098,1
81,4,12,0,-0.24924547213617476,1
81,4,13,1,-0.10437772967586234,0
81,8,0,0,-0.7952767979534443,1
81,8,1,1,-0.09377734702803053,0
81,8,2,0,-0.4414990617286909,1
81,8,3,1,-0.5041462585128174,0
81,8,4,1,0.23211793893053256,1
81,8,5,0,-0.6232777284004523,1
81,8,6,1,0.09582687336358653,1
81,8,7,0,-0.1845275042510668,1
81,8,8,1,-0.2599650840244099,0
81,8,9,0,-1.2509651742509456,1
81,8,10,0,0.07184414653690441,0
81,8,11,1,-0.9881490353263642,0
81,8,12,1,0.08935326194541293,1
81,8,13,0,-0.32237880832175403,1
81,12,0,1,1.0811235100657774,1
81,12,1,0,-1.0427459116719686,1
81,12,2,0,0.031802911993330074,0
81,12,3,1,0.0855507409241123,1
81,12,4,1,1.0713389025421884,1
81,12,5,0,-1.0707295056027029,1
81,12,6,0,-0.6618391389438223,1
81,12,7,1,0.8458573544901609,1
81,12,8,1,0.4054698469382476,1
81,12,9,0,-0.3837011336368583,1
81,12,10,0,0.9204246978932438,0
81,12,11,1,0.3473784773622661,1
81,12,12,1,0.2589253073817792,1
81,12,13,0,-0.4403084244473945,1
83,4,0,0,0.02237913541382497,0
83,4,1,1,0.4816610907308596,1
83,4,2,1,1.7021748107477137,1
83,4,3,0,-0.39871959056531026,1
83,4,4,0,-1.4126654901660256,1
83,4,5,1,0.5237169230460852,1
83,4,6,1,0.4468438757438804,1
83,4,7,0,-1.8072404072243706,1
83,4,8,1,0.006241136004552228,1
83,4,9,0,-0.8086970772204947,1
83,4,10,1,0.19267463473666346,1
83,4,11,0,0.2443574786964362,0
83,4,12,1,0.7592895849598849,1
83,4,13,0,-2.058788949935035,1
83,4,14,0,-1.0437670064600604,1
83,8,0,0,-0.4775406688730244,1
83,8,1,1,-0.7449702043873976,0
83,8,2,0,1.2490452340561262,0
83,8,3,1,-0.223145250627661,0
83,8,4,1,0.3430955379107754,1
83,8,5,0,-1.7668012187826454,1
83,8,6,0,-0.6012609000497733,1
83,8,7,1,1.0508710979032116,1
83,8,8,1,1.5865466275422353,1
83,8,9,0,-0.7579822627504464,1
83,8,10,1,-0.40638086037871135,0
83,8,11,0,-1.0874405136751575,1
83,8,12,1,1.8688135475430911,1
83,8,13,0,-0.9672646092767885,1
83,8,14,1,-0.19082418268809143,0
83,12,0,0,-1.8765444671100437,1
83,12,1,1,-0.3606068274836498,0
83,12,2,1,0.23617330203058717,1
83,12,3,0,-0.8542330807768574,1
83,12,4,1,1.3034351525216827,1
83,12,5,0,-1.035665291857402,1
83,12,6,0,-0.4932976718622255,1
83,12,7,1,2.6656008815979266,1
83,12,8,1,-0.40326079242821944,0
83,12,9,0,0.03490508999043307,0
83,12,10,0,-0.9354392588786369,1
83,12,11,1,0.21696363323151768,1
83,12,12,0,1.1130912741158365,0
83,12,13,1,0.4379438535004265,1
83,12,14,1,0.007972969710414723,1
86,4,0,0,-0.5517709461535474,1
86,4,1,1,-0.5012193275269681,0
86,4,2,0,-0.32279923484091677,1
86,4,3,1,-0.04177364890076296,0
86,4,4,0,-0.15117849667848304,1
86,4,5,1,-0.15313095904039553,0
86,4,6,0,-0.8402878071576145,1
86,4,7,1,0.2113798328639418,1
86,4,8,1,1.074410266151927,1
86,4,9,0,0.2753830943879776,0
86,4,10,1,-0.23130942268236598,0
86,4,11,0,0.12650648001008413,0
86,4,12,1,1.0451923318319367,1
86,4,13,0,0.10114412933488826,0
86,4,14,0,-0.19829530108488225,1
86,8,0,0,-0.4223339680555327,1
86,8,1,1,2.3449693524522797,1
86,8,2,0,-0.8823623251709314,1
86,8,3,1,1.2847472583069846,1
86,8,4,1,0.4806607870417161,1
86,8,5,0,-0.9767301514686431,1
86,8,6,0,-0.7698340829075077,1
86,8,7,1,0.1594644564192631,1
86,8,8,0,-0.4529396599385036,1
86,8,9,1,0.5258988520628964,1
86,8,10,0,-0.5455852837600021,1
86,8,11,1,0.5876061099653738,1
86,8,12,1,0.951054686855608,1
86,8,13,0,0.13017406414398502,0
86,8,14,1,0.5339511044841281,1
86,12,0,1,2.612002315069115,1
86,12,1,0,-0.11686943029162133,1
86,12,2,0,-1.4957204876391723,1
86,12,3,1,1.0230747262825597,1
86,12,4,1,0.6009123638658025,1
86,12,5,0,-1.7115612306917447,1
86,12,6,0,-0.43935640418735833,1
86,12,7,1,0.2382844678796543,1
86,12,8,1,1.1865692149016818,1
86,12,9,0,-1.011435016842203,1
86,12,10,1,0.24331819691634093,1
86,12,11,0,-1.79396823625793,1
86,12,12,0,-0.5707010540090804,1
86,12,13,1,1.3043032186817283,1
86,12,14,1,0.716937048494378,1
87,4,0,1,0.7082928357656137,1
87,4,1,0,0.7676048320945092,0
87,4,2,0,0.6465324172470197,0
87,4,3,1,-0.9975208358954752,0
87,4,4,0,-0.06527187904984322,1
87,4,5,1,0.7541691026973885,1
87,4,6,0,1.4310731879573968,0
87,4,7,1,0.4179596148006577,1
87,4,8,0,-0.171243303692596,1
87,4,9,1,-0.0687699999355158,0
87,4,10,0,0.29567247905094707,0
87,4,11,1,-1.1275123856421543,0
87,4,12,0,0.014455956707516204,0
87,4,13,1,0.11981488919326777,1
87,8,0,1,0.14131870905842048,1
87,8,1,0,0.5581630500944796,0
87,8,2,0,0.4017129106623858,0
87,8,3,1,0.4663661029732076,1
87,8,4,0,-0.803452650828367,1
87,8,5,1,-0.18403831343435417,0
87,8,6,1,0.8487330036876823,1
87,8,7,0,-0.14344845690994612,1
87,8,8,0,-1.3707334661960113,1
87,8,9,1,0.7341381350656784,1
87,8,10,1,-0.5186528163397854,0
87,8,11,0,-0.47135488935084613,1
87,8,12,0,0.9260513124538434,0
87,8,13,1,-1.35868241813701,0
87,12,0,1,-0.6680220664012273,0
87,12,1,0,-2.0255799105887284,1
87,12,2,1,-1.1584042424231715,0
87,12,3,0,-0.3473373007583924,1
87,12,4,0,0.8073988208926841,0
87,12,5,1,-0.027193132436387657,0
87,12,6,0,0.3085050077591083,0
87,12,7,1,0.8393769808654401,1
87,12,8,1,1.4999427150113274,1
87,12,9,0,1.3085902411672308,0
87,12,10,1,0.2508861134529603,1
87,12,11,0,0.2184204517714603,0
87,12,12,1,0.563397844972588,1
87,12,13,0,-0.6262148164420553,1
90,4,0,0,-0.34360152085003204,1
90,4,1,1,-0.5912235859577795,0
90,4,2,1,-0.37807640109539653,0
90,4,3,0,-0.29177843976712126,1
90,4,4,1,0.12208499347155932,1
90,4,5,0,-1.2416382675584856,1
90,4,6,1,0.30658992522511896,1
90,4,7,0,-0.4175555542289855,1
90,4,8,0,-0.6981662329362184,1
90,4,9,1,-1.268291702145096,0
90,4,10,0,-0.5225199314971869,1
90,4,11,1,-0.06764752773623428,0
90,4,12,0,-0.40801975124601064,1
90,4,13,1,-0.0975492777399074,0
90,8,0,1,-0.724375742151822,0
90,8,1,0,-0.9537836206217405,1
90,8,2,1,0.658127145263733,1
90,8,3,0,-1.2165569488495482,1
90,8,4,1,0.38867034011059287,1
90,8,5,0,-0.3404650011086874,1
90,8,6,1,-0.13983579286524872,0
90,8,7,0,-0.08231583882455373,1
90,8,8,1,0.7927069175550514,1
90,8,9,0,0.581173306000407,0
90,8,10,1,-0.28406744970087905,0
90,8,11,0,-0.6543683094940804,1
90,8,12,1,0.09224012413179095,1
90,8,13,0,-0.09877386149010015,1
90,12,0,1,-0.26861655015718,0
90,12,1,0,-0.42652767542009684,1
90,12,2,1,-0.1887405247435705,0
90,12,3,0,0.6590367124576866,0
90,12,4,0,0.6048021203640639,0
90,12,5,1,1.1233501684251403,1
90,12,6,1,-0.5647687611181964,0
90,12,7,0,0.5690569204609073,0
90,12,8,0,-0.009615172812179384,1
90,12,9,1,0.3220621885054826,1
90,12,10,1,-0.6500600091508932,0
90,12,11,0,0.5763135809749809,0
90,12,12,1,-0.5413014322141776,0
90,12,13,0,0.5501820087203502,0
94,4,0,0,-1.6163086784788263,1
94,4,1,1,1.3773667725194807,1
94,4,2,1,0.4575442630901181,1
94,4,3,0,-2.05809000504618,1
94,4,4,1,1.2717531238908104,1
94,4,5,0,-0.1296314705033339,1
94,4,6,1,0.28692199117595596,1
94,4,7,0,-2.2886069029690583,1
94,4,8,1,1.9585779211349177,1
94,4,9,0,-0.19034526093240878,1
94,4,10,0,-1.5634702983876343,1
94,4,11,1,0.5112133049522773,1
94,4,12,1,0.981198662295335,1
94,4,13,0,-1.5661900298478357,1
94,8,0,1,1.2011027617314123,1
94,8,1,0,-0.9989917179490462,1
94,8,2,1,0.8786952167253257,1
94,8,3,0,-2.0949882434856395,1
94,8,4,0,-1.396552276165512,1
94,8,5,1,1.3700791917126178,1
94,8,6,1,1.9134241578348252,1
94,8,7,0,-0.7065279588441391,1
94,8,8,0,0.3158745499386182,0
94,8,9,1,1.1791407752113927,1
94,8,10,1,0.948846226097849,1
94,8,11,0,-0.8589025550668457,1
94,8,12,1,2.1358785194478322,1
94,8,13,0,-2.232961066966812,1
94,12,0,0,-1.6021379826806799,1
94,12,1,1,2.1089212924671656,1
94,12,2,1,2.4638768016233294,1
94,12,3,0,-1.2952922066930703,1
94,12,4,1,1.8913817925207743,1
94,12,5,0,-2.20548414860162,1
94,12,6,1,1.3860004409710918,1
94,12,7,0,-0.6183417585485982,1
94,12,8,1,1.1106531364669467,1
94,12,9,0,-2.8636256860835156,1
94,12,10,1,-0.27585907485991124,0
94,12,11,0,-0.5914625762130488,1
94,12,12,0,-0.5923221373639116,1
94,12,13,1,1.8283400421304261,1
96,4,0,1,0.560422089319824,1
96,4,1,0,-0.22636831033359517,1
96,4,2,0,-0.7224797110621985,1
96,4,3,1,0.3253618069794255,1
96,4,4,1,0.45560887854085363,1
96,4,5,0,0.029049884652641467,0
96,4,6,1,1.3570197472748688,1
96,4,7,0,0.04812316539034711,0
96,4,8,0,0.6567521841810056,0
96,4,9,1,0.8882147251394157,1
96,4,10,1,1.1147420185872141,1
96,4,11,0,0.5287065131282791,0
96,4,12,0,0.1372223985201244,0
96,4,13,1,-0.6669831019266663,0
96,4,14,1,1.0749368649016757,1
96,8,0,0,-0.439584400559736,1
96,8,1,1,0.21935882204747115,1
96,8,2,1,-1.1503046477445273,0
96,8,3,0,-0.5023506448197801,1
96,8,4,1,-1.2835115536369373,0
96,8,5,0,0.7695709678643459,0
96,8,6,0,-0.6660132226266771,1
96,8,7,1,0.07917453917117534,1
96,8,8,0,-0.1103184321211681,1
96,8,9,1,-0.9951537918052122,0
96,8,10,1,-0.3400173415614258,0
96,8,11,0,-1.023165698350191,1
96,8,12,1,-1.5849111845646136,0
96,8,13,0,-0.9206782625072516,1
96,8,14,0,-0.34574973161427947,1
96,12,0,1,-0.7808414790393283,0
96,12,1,0,-0.29771461750846484,1
96,12,2,1,-0.43350243485051543,0
96,12,3,0,-1.1409317357802307,1
96,12,4,1,0.564115133587523,1
96,12,5,0,-0.8099262130140479,1
96,12,6,0,-1.2592865962688375,1
96,12,7,1,-0.48413970766422976,0
96,12,8,1,-0.5715943216764074,0
96,12,9,0,-0.11278442207642048,1
96,12,10,0,-0.46058765757542597,1
96,12,11,1,-0.14795981612964137,0
96,12,12,1,0.10192058663774528,1
96,12,13,0,0.4431437582087461,0
96,12,14,0,2.1608553009856326,0
102,4,0,1,-0.8922593828614103,0
102,4,1,0,-0.3313031425235664,1
102,4,2,1,0.1745366851536052,1
102,4,3,0,-0.45648914110403327,1
102,4,4,1,0.6110773981170547,1
102,4,5,0,-0.3390509705623641,1
102,4,6,0,-0.9278204818365865,1
102,4,7,1,1.1064522671015,1
102,4,8,0,-1.1198868842724248,1
102,4,9,1,1.6209558479878154,1
102,4,10,0,-0.973836703868765,1
102,4,11,1,0.5656503646373752,1
102,4,12,0,-0.20342946392648376,1
102,4,13,1,0.11090512938316754,1
102,8,0,1,-0.41734192928758773,0
102,8,1,0,-0.6894621612656349,1
102,8,2,1,0.3475539619880599,1
102,8,3,0,0.19350921068494165,0
102,8,4,0,-1.0382224020144624,1
102,8,5,1,0.9652414450291316,1
102,8,6,0,-0.4364651153263601,1
102,8,7,1,0.016183349395629598,1
102,8,8,0,-1.2608855577277005,1
102,8,9,1,1.26618871466997,1
102,8,10,1,0.804433700290839,1
102,8,11,0,0.7442886205138888,0
102,8,12,1,0.7100806297363134,1
102,8,13,0,-1.0953990151568718,1
102,12,0,0,-1.484775371770442,1
102,12,1,1,0.7998559837314989,1
102,12,2,0,-1.5365352348585402,1
102,12,3,1,0.6921452369408212,1
102,12,4,1,-0.3549941383411994,0
102,12,5,0,-1.1493729050230241,1
102,12,6,0,-1.348745417234486,1
102,12,7,1,1.9236804884673635,1
102,12,8,0,-0.5875556751004232,1
102,12,9,1,-0.13140485283115266,0
102,12,10,1,0.9669212730618639,1
102,12,11,0,0.04352525349217595,0
102,12,12,1,-0.28542236755488704,0
102,12,13,0,-1.7587849038216383,1
103,4,0,0,0.4538561062060742,0
103,4,1,1,3.8619878738725397,1
103,4,2,1,2.000313434579949,1
103,4,3,0,-1.85752416540488,1
103,4,4,1,2.6729316391713924,1
103,4,5,0,-1.5913252849717874,1
103,4,6,0,0.014177322701145023,0
103,4,7,1,1.33591578355355,1
103,4,8,0,-1.0494331476271264,1
103,4,9,1,0.32715882073944336,1
103,4,10,0,-0.16523272706468228,1
103,4,11,1,0.35307333955117226,1
103,4,12,1,-0.8519913191230089,0
103,4,13,0,-0.7897014945160001,1
103,4,14,1,0.8331877237540146,1
103,8,0,1,-0.8261485593026485,0
103,8,1,0,-1.1683511556322812,1
103,8,2,1,-0.5343855434268887,0
103,8,3,0,-0.8170089060053831,1
103,8,4,0,0.14150287996186695,0
103,8,5,1,-0.5451094274823114,0
103,8,6,1,-0.4894093980675023,0
103,8,7,0,-0.8500147001118368,1
103,8,8,0,-0.47664682410333237,1
103,8,9,1,-0.3554640615951423,0
103,8,10,1,-0.3984671104749782,0
103,8,11,0,-0.36319981483437,1
103,8,12,0,-0.33103103239827547,1
103,8,13,1,-0.7018260847921614,0
103,8,14,0,-2.890014526477005,1
103,12,0,1,-0.09040160750580561,0
103,12,1,0,-0.3252807925657817,1
103,12,2,0,-1.8906184065122407,1
103,12,3,1,0.7674782126264339,1
103,12,4,1,2.816571491576643,1
103,12,5,0,1.607549875765116,0
103,12,6,1,4.092813594577869,1
103,12,7,0,-0.3039226338969354,1
103,12,8,0,-0.4912161303973157,1
103,12,9,1,-0.2721001321549368,0
103,12,10,0,-0.8936605040077112,1
103,12,11,1,-1.0671917683993903,0
103,12,12,1,-0.272676548706019,0
103,12,13,0,-0.45620614583827557,1
103,12,14,1,0.0026428782850453914,1
105,4,0,0,-1.7598544857148404,1
105,4,1,1,-0.036855367184776,0
105,4,2,1,0.682697969579448,1
105,4,3,0,0.15091616376538664,0
105,4,4,1,-0.35544210742272186,0
105,4,5,0,-0.46699536804611164,1
105,4,6,1,1.9418585142032363,1
105,4,7,0,1.0270377078773456,0
105,4,8,0,-0.11538885333748716,1
105,4,9,1,0.597270549613595,1
105,4,10,1,0.2547925994491367,1
105,4,11,0,-1.0227166310611553,1
105,4,12,1,-0.2617834715578997,0
105,4,13,0,-0.3159171224590871,1
105,8,0,1,-0.8131992940395225,0
105,8,1,0,-1.891731733759833,1
105,8,2,1,0.19183908673870986,1
105,8,3,0,-0.5881232854166587,1
105,8,4,0,-0.4277680164562785,1
105,8,5,1,0.04996791686329738,1
105,8,6,1,0.5603517139883012,1
105,8,7,0,-1.4748769126874446,1
105,8,8,0,-0.40525205355329064,1
105,8,9,1,-0.016363885085568963,0
105,8,10,0,0.30259883434094803,0
105,8,11,1,0.5950892640026226,1
105,8,12,0,0.7594574579778195,0
105,8,13,1,0.21883924034538804,1
105,12,0,1,-0.5435138805597624,0
105,12,1,0,0.09860963271383039,0
105,12,2,1,-0.8665708859991026,0
105,12,3,0,-0.5002796930430797,1
105,12,4,1,0.11685232078883034,1
105,12,5,0,-1.2217482715255725,1
105,12,6,1,-1.1064843964300421,0
105,12,7,0,0.6368632206946643,0
105,12,8,0,0.7976603176812658,0
105,12,9,1,1.4266275841451073,1
105,12,10,1,-0.11830823921174316,0
105,12,11,0,0.6986559164333777,0
105,12,12,1,1.3066220686169565,1
105,12,13,0,-0.6047264998220243,1
106,4,0,0,-0.14975597271574914,1
106,4,1,1,0.019756373204681044,1
106,4,2,0,-0.373414599813092,1
106,4,3,1,-0.9268875507445924,0
106,4,4,0,0.8111692652223819,0
106,4,5,1,1.2063043951538441,1
106,4,6,0,0.334982320430083,0
106,4,7,1,0.5997329651114893,1
106,4,8,0,-0.5131077600201155,1
106,4,9,1,0.36467640103570576,1
106,4,10,0,1.2329638031646226,0
106,4,11,1,1.853780285880731,1
106,4,12,1,-0.5475925664034387,0
106,4,13,0,-0.20020707067881194,1
106,4,14,0,-0.46278651370364443,1
106,8,0,1,0.16380063882171303,1
106,8,1,0,-1.3125436254948883,1
106,8,2,1,-0.15778991293041456,0
106,8,3,0,-0.10092945705190282,1
106,8,4,0,-0.19758781966129346,1
106,8,5,1,-0.3235811045249948,0
106,8,6,1,-0.6419542665778861,0
106,8,7,0,-0.8631480636521007,1
106,8,8,0,-0.44633597187991825,1
106,8,9,1,-0.1510438820430644,0
106,8,10,1,0.03510253171294764,1
106,8,11,0,-0.397733775417787,1
106,8,12,0,-1.0613266579330325,1
106,8,13,1,0.532752160826437,1
106,8,14,0,-0.09339999760726547,1
106,12,0,1,0.019453054773268086,1
106,12,1,0,0.3826358185473575,0
106,12,2,0,-0.15916590782353213,1
106,12,3,1,-0.03662861347162227,0
106,12,4,0,0.04046967873062224,0
106,12,5,1,1.3772058365049675,1
106,12,6,0,-1.8159111730547155,1
106,12,7,1,1.839926485477842,1
106,12,8,1,-0.44133657584321107,0
106,12,9,0,-0.6363938804201972,1
106,12,10,0,0.16380483485933128,0
106,12,11,1,0.10068605999263847,1
106,12,12,1,-0.633468181755946,0
106,12,13,0,-1.097672070131229,1
106,12,14,0,-1.2610797768532076,1
109,4,0,0,0.5207185164805703,0
109,4,1,1,0.0669457950104353,1
109,4,2,1,-0.12084445712397995,0
109,4,3,0,-0.010461712161690784,1
109,4,4,1,-0.49199127912545304,0
109,4,5,0,-0.3282947046061224,1
109,4,6,1,-0.002596542635186161,0
109,4,7,0,-0.3767770523183489,1
109,4,8,1,0.31934279996901616,1
109,4,9,0,-0.7351117538851761,1
109,4,10,0,0.5955211157889826,0
109,4,11,1,-0.785214414822134,0
109,4,12,0,-0.5233438217435085,1
109,4,13,1,0.0215819428377948,1
109,8,0,1,-0.06706982457214572,0
109,8,1,0,-0.6377123823643029,1
109,8,2,1,0.4958991127828316,1
109,8,3,0,0.5858069265065708,0
109,8,4,0,0.12795688027628938,0
109,8,5,1,-0.4013321580325937,0
109,8,6,0,0.09397582209116928,0
109,8,7,1,0.18271825027820565,1
109,8,8,1,0.3200809920954266,1
109,8,9,0,-0.19328125460154322,1
109,8,10,1,-0.7479813730992371,0
109,8,11,0,-0.19926309204889048,1
109,8,12,1,-0.19758758071347104,0
109,8,13,0,-0.23908923311933172,1
109,12,0,1,0.6578571049440218,1
109,12,1,0,0.36682442761055833,0
109,12,2,1,-0.5450481360872903,0
109,12,3,0,-0.34863288107897894,1
109,12,4,0,-0.8954072860754487,1
109,12,5,1,-0.2446060579104441,0
109,12,6,1,0.6528840301026788,1
109,12,7,0,0.7619412231552287,0
109,12,8,1,0.2196662918350829,1
109,12,9,0,0.04486051528257029,0
109,12,10,0,0.424253548017429,0
109,12,11,1,0.21817370758154553,1
109,12,12,0,-0.2512195256120733,1
109,12,13,1,0.2793539701132164,1
